Rk,Player,Age,Team,Lg,WAR,G,PA,AB,R,H,2B,3B,HR,RBI,SB,CS,BB,SO,BA,OBP,SLG,OPS,OPS+,rOBA,Rbat+,TB,GIDP,HBP,SH,SF,IBB,Pos,Awards,Player-additional
1,Marcell Ozuna,29,ATL,NL,2.8,60,267,228,38,77,14,0,18,56,0,0,38,60,0.338,0.431,0.636,1.067,177,0.444,175,145,3,0,0,1,3,D7/9,MVP-6SS,ozunama01
2,Francisco Lindor#,26,CLE,AL,1.3,60,266,236,30,61,13,0,8,27,6,2,24,41,0.258,0.335,0.415,0.750,104,0.329,101,98,8,4,0,2,2,*6/D,,lindofr01
3,Cavan Biggio*,25,TOR,AL,2.2,59,265,220,41,55,16,0,8,28,6,0,41,61,0.250,0.375,0.432,0.807,122,0.370,128,95,2,3,0,0,0,495/8H7D,,biggica01
4,Whit Merrifield,31,KCR,AL,0.7,60,265,248,38,70,12,0,9,30,12,3,12,33,0.282,0.325,0.440,0.764,105,0.344,107,109,3,4,0,1,0,*984/73,,merriwh01
5,Dansby Swanson,26,ATL,NL,2.8,60,264,237,49,65,15,0,10,35,5,0,22,71,0.274,0.345,0.464,0.809,111,0.364,115,110,0,4,0,1,0,*6,-MVP 18.00,swansda01
6,José Abreu,33,CHW,AL,2.7,60,262,240,43,76,15,0,19,60,0,0,18,59,0.317,0.370,0.617,0.987,165,0.421,168,148,10,3,0,1,1,*3/D,MVP-1SS,abreujo02
7,Freddie Freeman*,30,ATL,NL,3.3,60,262,214,51,73,23,1,13,53,2,0,45,37,0.341,0.462,0.640,1.102,187,0.466,190,137,6,3,0,0,7,*3/DH,MVP-1SS,freemfr01
8,César Hernández#,30,CLE,AL,1.7,58,261,233,35,66,20,0,3,20,0,0,24,57,0.283,0.355,0.408,0.763,109,0.337,108,95,3,2,1,0,0,*4/H,GG,hernace02
9,Trevor Story,27,COL,NL,2.5,59,259,235,41,68,13,4,11,28,15,3,24,63,0.289,0.355,0.519,0.874,120,0.384,120,122,5,0,0,0,1,*6/D,-MVP 11.00,storytr01
10,Trea Turner,27,WSN,NL,2.8,59,259,233,46,78,15,4,12,41,12,4,22,36,0.335,0.394,0.588,0.982,162,0.421,162,137,5,2,0,2,0,*6,-MVP 7.00,turnetr01
11,Fernando Tatis Jr.,21,SDP,NL,2.8,59,257,224,50,62,11,2,17,45,11,3,27,61,0.277,0.366,0.571,0.937,156,0.395,150,128,6,5,0,1,1,*6/D,MVP-4SS,tatisfe02
12,Carlos Santana#,34,CLE,AL,1.0,60,255,206,34,41,7,0,8,30,0,0,47,43,0.199,0.349,0.350,0.699,93,0.320,96,72,5,1,0,1,1,*3,,santaca01
13,Manny Machado,27,SDP,NL,3.0,60,254,224,44,68,12,1,16,47,6,3,26,37,0.304,0.370,0.580,0.950,160,0.397,155,130,9,0,0,4,4,*5/D,MVP-3SS,machama01
14,José Ramírez#,27,CLE,AL,2.5,58,254,219,45,64,16,1,17,46,10,3,31,43,0.292,0.386,0.607,0.993,167,0.426,168,133,2,3,0,1,0,*5/D,MVP-2SS,ramirjo01
15,Trent Grisham*,23,SDP,NL,2.5,59,252,215,42,54,8,3,10,26,10,1,31,64,0.251,0.352,0.456,0.808,123,0.359,123,98,1,3,1,1,0,*8/H,GG,grishtr01
16,Starling Marte,31,2TM,NL,1.6,61,250,228,36,64,14,1,6,27,10,2,12,41,0.281,0.340,0.430,0.770,107,0.352,112,98,5,9,0,1,1,*8/7H,,martest01
16,Starling Marte,31,ARI,NL,1.1,33,138,122,23,38,8,1,2,14,5,2,10,19,0.311,0.384,0.443,0.827,124,0.365,125,54,3,5,0,1,1,8/7,,martest01
16,Starling Marte,31,MIA,NL,0.5,28,112,106,13,26,6,0,4,13,5,0,2,22,0.245,0.286,0.415,0.701,86,0.335,97,44,2,4,0,0,0,8/H,,martest01
17,Rafael Devers*,23,BOS,AL,0.8,57,248,232,32,61,16,1,11,43,0,0,13,67,0.263,0.310,0.483,0.793,107,0.340,104,112,8,3,0,0,0,*5/H,,deverra01
18,Max Muncy*,29,LAD,NL,0.5,58,248,203,36,39,4,0,12,27,1,0,39,60,0.192,0.331,0.389,0.720,95,0.316,91,79,3,4,0,2,2,354/D,,muncyma01
19,Kyle Seager*,32,SEA,AL,1.2,60,248,203,35,49,12,0,9,40,5,0,32,33,0.241,0.355,0.433,0.788,121,0.343,115,88,4,7,0,6,3,*5/DH,,seageky01
20,Charlie Blackmon*,33,COL,NL,1.0,59,247,221,31,67,12,1,6,42,2,1,19,44,0.303,0.356,0.448,0.804,104,0.351,103,99,4,2,0,5,4,*9/D,,blackch02
21,Christian Yelich*,28,MIL,NL,0.5,58,247,200,39,41,7,1,12,22,4,2,46,76,0.205,0.356,0.430,0.786,110,0.350,113,86,4,1,0,0,2,*7/D,,yelicch01
22,Mookie Betts,27,LAD,NL,3.7,55,246,219,47,64,9,1,16,39,10,2,24,38,0.292,0.366,0.562,0.927,147,0.417,158,123,2,2,0,1,1,*9/D48,MVP-2GGSS,bettsmo01
23,Keston Hiura,23,MIL,NL,-0.3,59,246,217,30,46,4,0,13,32,3,2,16,85,0.212,0.297,0.410,0.707,87,0.311,86,89,7,11,0,2,2,*4D,,hiurake01
24,Matt Olson*,26,OAK,AL,1.3,60,245,210,28,41,4,1,14,42,1,0,34,77,0.195,0.310,0.424,0.734,103,0.331,109,89,2,1,0,0,2,*3,,olsonma02
25,Bryce Harper*,27,PHI,NL,1.9,58,244,190,41,51,9,2,13,33,8,2,49,43,0.268,0.420,0.542,0.962,158,0.408,154,103,5,2,1,2,8,*9D/8,,harpebr03
26,Cody Bellinger*,24,LAD,NL,1.5,56,243,213,33,51,10,0,12,30,6,1,30,42,0.239,0.333,0.455,0.789,112,0.340,106,97,4,0,0,0,2,83/D9,,bellico01
27,Mark Canha,31,OAK,AL,1.5,59,243,191,32,47,12,2,5,33,4,0,37,54,0.246,0.387,0.408,0.795,124,0.363,129,78,2,10,0,5,1,D97/83,,canhama01
28,Maikel Franco,27,KCR,AL,1.1,60,243,223,23,62,16,0,8,38,1,0,16,38,0.278,0.321,0.457,0.778,108,0.338,105,102,4,0,0,4,1,*5/D3,,francma02
29,Vladimir Guerrero Jr.,21,TOR,AL,0.7,60,243,221,34,58,13,2,9,33,1,0,20,38,0.262,0.329,0.462,0.791,115,0.351,118,102,6,2,0,0,1,3D/H,,guerrvl02
30,Anthony Rizzo*,30,CHC,NL,1.0,58,243,203,26,45,6,0,11,24,3,1,28,38,0.222,0.342,0.414,0.755,103,0.344,110,84,6,10,0,2,4,*3/DH,GG,rizzoan01
31,Christian Walker,29,ARI,NL,0.9,57,243,218,35,59,18,1,7,34,1,1,19,50,0.271,0.333,0.459,0.792,112,0.344,112,100,6,3,0,3,0,*3D/H,,walkech02
32,Nick Castellanos,28,CIN,NL,0.0,60,242,218,37,49,11,2,14,34,0,2,19,69,0.225,0.298,0.486,0.784,100,0.331,96,106,5,4,0,1,1,*9/DH,,casteni01
33,Kyle Lewis,24,SEA,AL,1.6,58,242,206,37,54,3,0,11,28,5,1,34,71,0.262,0.364,0.437,0.801,124,0.355,125,90,5,0,0,2,0,*8/DH,MVP-17ROY-1,lewisky01
34,Andrew McCutchen,33,PHI,NL,-0.1,57,241,217,32,55,9,0,10,34,4,0,22,48,0.253,0.324,0.433,0.757,102,0.338,103,94,4,1,0,1,0,7D/H,,mccutan01
35,Franmil Reyes,24,CLE,AL,0.4,59,241,211,27,58,10,0,9,34,0,0,24,69,0.275,0.344,0.450,0.795,116,0.344,113,95,6,1,0,5,0,*D/7H,,reyesfr01
36,Mike Trout,28,LAA,AL,1.8,53,241,199,41,56,9,2,17,46,1,1,35,56,0.281,0.390,0.603,0.993,167,0.414,163,120,1,3,0,4,4,*8/D,MVP-5SS,troutmi01
37,Pete Alonso,25,NYM,NL,0.1,57,239,208,31,48,6,0,16,35,1,0,24,61,0.231,0.326,0.490,0.817,122,0.342,114,102,4,6,0,1,4,3D/H,,alonspe01
38,Didi Gregorius*,30,PHI,NL,1.1,60,237,215,34,61,10,2,10,40,3,2,15,28,0.284,0.339,0.488,0.827,120,0.345,112,105,4,4,1,2,3,*6/H,,gregodi01
39,J.D. Martinez,32,BOS,AL,-0.7,54,237,211,22,45,16,0,7,27,1,0,22,59,0.213,0.291,0.389,0.680,79,0.299,74,82,6,2,0,2,3,*D/97,,martijd02
40,Marcus Semien,29,OAK,AL,0.4,53,236,211,28,47,9,1,7,23,4,0,25,50,0.223,0.305,0.374,0.679,89,0.309,91,79,3,0,0,0,0,*6,,semiema01
41,Javier Báez,27,CHC,NL,0.7,59,235,222,27,45,9,1,8,24,3,0,7,75,0.203,0.238,0.360,0.599,59,0.278,62,80,8,4,0,2,0,*6/7DH,GG,baezja01
42,Luke Voit,29,NYY,AL,1.7,56,234,213,41,59,5,0,22,52,0,0,17,54,0.277,0.338,0.610,0.948,157,0.405,160,130,4,3,0,1,0,*3/DH,-MVP 9.00,voitlu01
43,Michael Conforto*,27,NYM,NL,2.1,54,233,202,40,65,12,0,9,31,3,3,24,57,0.322,0.412,0.515,0.927,154,0.410,164,104,6,7,0,0,0,*9/DH,,confomi01
44,Adalberto Mondesí#,24,KCR,AL,1.3,59,233,219,33,56,11,3,6,22,24,8,11,70,0.256,0.294,0.416,0.710,90,0.319,88,91,4,1,2,0,0,*6,,mondera02
45,Nick Solak,25,TEX,AL,-1.1,58,233,209,27,56,10,0,2,23,7,1,18,42,0.268,0.326,0.344,0.671,86,0.304,84,72,6,2,0,4,0,748/D3H,,solakni01
46,J.P. Crawford*,25,SEA,AL,1.6,53,232,204,33,52,7,2,2,24,6,3,23,39,0.255,0.336,0.338,0.674,91,0.310,96,69,4,3,0,2,0,*6,GG,crawfjp01
47,Anthony Rendon,30,LAA,AL,2.2,52,232,189,29,54,11,1,9,31,0,0,38,31,0.286,0.418,0.497,0.915,150,0.399,152,94,10,5,0,0,2,*5,-MVP 10.00,rendoan01
48,Corey Seager*,26,LAD,NL,2.0,52,232,212,38,65,12,1,15,41,1,0,17,37,0.307,0.358,0.585,0.943,150,0.402,150,124,8,1,0,2,0,*6/D,-MVP 9.00,seageco01
49,Hanser Alberto,27,BAL,AL,0.7,54,231,219,35,62,15,0,3,22,3,0,5,30,0.283,0.306,0.393,0.698,88,0.315,89,86,6,3,2,2,0,*4/5DH,,alberha01
50,Miguel Cabrera,37,DET,AL,0.1,57,231,204,28,51,4,0,10,35,1,0,24,51,0.250,0.329,0.417,0.746,104,0.325,100,85,3,1,0,2,1,*D/H,,cabremi01
51,Paul Goldschmidt,32,STL,NL,2.0,58,231,191,31,58,13,0,6,21,1,0,37,43,0.304,0.417,0.466,0.883,145,0.387,146,89,4,1,0,1,0,*3/D,-MVP 15.00,goldspa01
52,Randal Grichuk,28,TOR,AL,0.4,55,231,216,38,59,9,0,12,35,1,1,13,49,0.273,0.312,0.481,0.793,114,0.338,111,104,5,0,0,2,1,*8/D,,grichra01
53,Ian Happ#,25,CHC,NL,1.3,57,231,198,27,51,11,1,12,28,1,3,30,63,0.258,0.361,0.505,0.866,131,0.371,133,100,1,2,1,0,1,*87/9H3D,-MVP 18.00,happia01
54,Yoán Moncada#,25,CHW,AL,0.6,52,231,200,28,45,8,3,6,24,0,0,28,72,0.225,0.320,0.385,0.705,94,0.311,91,77,1,1,0,2,0,*5/H,,moncayo01
55,Eddie Rosario*,28,MIN,AL,1.2,57,231,210,31,54,7,0,13,42,3,1,19,34,0.257,0.316,0.476,0.792,116,0.342,115,100,3,0,0,2,2,*7/DH,-MVP 17.00,rosared01
56,Eugenio Suárez,28,CIN,NL,0.5,57,231,198,29,40,8,0,15,38,2,0,30,67,0.202,0.312,0.470,0.781,100,0.346,102,93,5,2,0,1,1,*5,,suareeu01
57,David Fletcher,26,LAA,AL,1.9,49,230,207,31,66,13,0,3,18,2,1,20,25,0.319,0.376,0.425,0.801,120,0.352,119,88,4,0,1,2,0,64/59,-MVP 17.00,fletcda02
58,Adam Frazier*,28,PIT,NL,0.8,58,230,209,22,48,7,0,7,23,1,3,17,35,0.230,0.297,0.364,0.661,79,0.289,78,76,3,3,1,0,0,*47/HD,,fraziad01
59,Yuli Gurriel,36,HOU,AL,-0.1,57,230,211,27,49,12,1,6,22,0,1,12,27,0.232,0.274,0.384,0.658,77,0.287,74,81,6,2,0,5,0,*3/DH,,gourryu01
60,Brian Anderson,27,MIA,NL,1.8,59,229,200,27,51,7,1,11,38,0,0,22,66,0.255,0.345,0.465,0.810,116,0.357,119,93,2,6,0,1,1,*5/34DH,,anderbr06
61,J.D. Davis,27,NYM,NL,0.0,56,229,190,26,47,9,0,6,19,0,0,31,56,0.247,0.371,0.389,0.761,111,0.342,114,74,8,7,0,1,1,5D/7H,,davisjd01
62,Kole Calhoun*,32,ARI,NL,1.4,54,228,190,35,43,9,0,16,40,1,1,28,50,0.226,0.338,0.526,0.864,130,0.369,130,100,6,6,0,4,0,*9/DH,,calhoko01
63,Isiah Kiner-Falefa,25,TEX,AL,2.1,58,228,211,28,59,4,3,3,10,8,5,14,32,0.280,0.329,0.370,0.699,93,0.319,99,78,6,2,0,1,0,*56/H,GG,kineris01
64,Kyle Tucker*,23,HOU,AL,1.9,58,228,209,33,56,12,6,9,42,8,1,18,46,0.268,0.325,0.512,0.837,124,0.367,124,107,2,0,0,1,2,*7D/9H,,tuckeky01
65,Tommy La Stella*,31,2TM,AL,0.9,55,228,196,31,55,14,2,5,25,1,0,27,12,0.281,0.370,0.449,0.819,126,0.361,127,88,6,2,1,2,0,43/D5H,,lasteto01
65,Tommy La Stella*,31,LAA,AL,0.4,28,117,99,15,27,8,0,4,14,1,0,15,7,0.273,0.371,0.475,0.845,130,0.375,133,47,3,1,1,1,0,43/DH,,lasteto01
65,Tommy La Stella*,31,OAK,AL,0.6,27,111,97,16,28,6,2,1,11,0,0,12,5,0.289,0.369,0.423,0.792,122,0.347,120,41,3,1,0,1,0,4/5D,,lasteto01
66,Tommy Edman#,25,STL,NL,1.1,55,227,204,29,51,7,1,5,26,2,4,16,48,0.250,0.317,0.368,0.685,90,0.302,92,75,5,5,0,2,0,569/47H,,edmanto01
67,Luis Robert Jr.,22,CHW,AL,1.9,56,227,202,33,47,8,0,11,31,9,2,20,73,0.233,0.302,0.436,0.738,100,0.322,95,88,4,1,0,2,0,*8/H,ROY-2GG,roberlu01
68,Joey Gallo*,26,TEX,AL,1.6,57,226,193,23,35,8,0,10,26,2,0,29,79,0.181,0.301,0.378,0.679,87,0.302,84,73,0,4,0,0,2,*9/DH8,GG,gallojo01
69,Eloy Jiménez,23,CHW,AL,1.4,55,226,213,26,63,14,0,14,41,0,0,12,56,0.296,0.332,0.559,0.891,139,0.383,141,119,4,0,0,1,0,*7/D,SS,jimenel02
70,Jorge Polanco#,26,MIN,AL,0.0,55,226,209,22,54,8,0,4,19,4,2,13,35,0.258,0.304,0.354,0.658,82,0.292,80,74,7,1,2,1,0,*6/H,,polanjo01
71,Xander Bogaerts,27,BOS,AL,1.2,56,225,203,36,61,8,0,11,28,8,0,21,41,0.300,0.364,0.502,0.867,128,0.374,122,102,3,0,0,1,2,*6/HD,-MVP 17.00,bogaexa01
72,Willson Contreras,28,CHC,NL,1.0,57,225,189,37,46,10,0,7,26,1,2,20,57,0.243,0.356,0.407,0.763,106,0.337,108,77,6,14,0,2,1,*2D,,contrwi01
73,Brandon Nimmo*,27,NYM,NL,1.7,55,225,186,33,52,8,3,8,18,1,2,33,43,0.280,0.404,0.484,0.888,145,0.383,145,90,1,6,0,0,0,*879/H,,nimmobr01
74,Mike Yastrzemski*,29,SFG,NL,2.7,54,225,192,39,57,14,4,10,35,2,1,30,55,0.297,0.400,0.568,0.968,164,0.419,168,109,2,3,0,0,2,*98/7H,-MVP 8.00,yastrmi01
75,Lourdes Gurriel Jr.,26,TOR,AL,1.1,57,224,208,28,64,14,0,11,33,3,1,14,48,0.308,0.348,0.534,0.882,138,0.389,145,111,7,0,0,2,0,*7/HD3,,gurrilo01
76,Brandon Lowe*,25,TBR,AL,2.4,56,224,193,36,52,9,2,14,37,3,0,25,58,0.269,0.362,0.554,0.916,154,0.387,148,107,2,4,0,2,0,*4/9H7D3,-MVP 8.00,lowebr01
77,Kyle Schwarber*,27,CHC,NL,0.1,59,224,191,30,36,6,0,11,24,1,0,30,66,0.188,0.308,0.393,0.701,88,0.316,90,75,3,3,0,0,1,*7/DH,,schwaky01
78,Josh Bell#,27,PIT,NL,-0.5,57,223,195,22,44,3,0,8,22,0,0,22,59,0.226,0.305,0.364,0.669,82,0.290,74,71,3,2,0,4,4,3D/H,,belljo02
79,Joey Votto*,36,CIN,NL,0.1,54,223,186,32,42,8,0,11,22,0,0,37,43,0.226,0.354,0.446,0.800,107,0.352,107,83,5,0,0,0,1,*3/D,,vottojo01
80,Kevin Pillar,31,2TM,2LG,0.9,54,223,208,34,60,12,3,6,26,5,2,13,41,0.288,0.336,0.462,0.798,106,0.350,106,96,4,2,0,0,1,*89/HD7,,pillake01
80,Kevin Pillar,31,BOS,AL,0.7,30,126,117,20,32,7,2,4,13,1,1,8,23,0.274,0.325,0.470,0.795,109,0.351,113,55,4,1,0,0,0,9/8H7D,,pillake01
80,Kevin Pillar,31,COL,NL,0.2,24,97,91,14,28,5,1,2,13,4,1,5,18,0.308,0.351,0.451,0.801,103,0.349,98,41,0,1,0,0,1,8/D9H,,pillake01
81,Eduardo Escobar#,31,ARI,NL,-0.4,54,222,203,22,43,7,3,4,20,1,0,15,41,0.212,0.270,0.335,0.605,63,0.258,50,68,5,2,0,2,4,*5/D4,,escobed01
82,Ramón Laureano,25,OAK,AL,1.4,54,222,183,27,39,8,1,6,25,2,1,24,58,0.213,0.338,0.366,0.704,98,0.316,99,67,7,12,0,3,0,*8/D,,laurera01
83,George Springer,30,HOU,AL,2.2,51,222,189,37,50,6,2,14,32,1,2,24,38,0.265,0.359,0.540,0.899,141,0.387,145,102,3,5,0,2,0,*8/9DH,-MVP 13.00,springe01
84,Tim Anderson,27,CHW,AL,2.5,49,221,208,45,67,11,1,10,21,5,2,10,50,0.322,0.357,0.529,0.886,140,0.382,140,110,4,2,0,1,0,*6,MVP-7SS,anderti01
85,Carlos Correa,25,HOU,AL,1.6,58,221,201,22,53,9,0,5,25,0,0,16,49,0.264,0.326,0.383,0.709,93,0.324,98,77,4,3,0,1,2,*6/H,,correca01
86,Alex Verdugo*,24,BOS,AL,2.2,53,221,201,36,62,16,0,6,15,4,0,17,45,0.308,0.367,0.478,0.844,123,0.373,124,96,4,2,0,1,1,*97/H8D,-MVP 12.00,verdual01
87,Wil Myers,29,SDP,NL,1.9,55,218,198,34,57,14,2,15,40,2,1,18,56,0.288,0.353,0.606,0.959,160,0.402,158,120,0,2,0,0,0,*9/3D,-MVP 16.00,myerswi01
88,David Peralta*,32,ARI,NL,0.7,54,218,203,19,61,10,1,5,34,1,0,13,45,0.300,0.339,0.433,0.773,108,0.334,103,88,4,0,0,2,0,*7/DH,,peralda01
89,Nick Ahmed,30,ARI,NL,1.6,57,217,199,29,53,10,1,5,29,4,0,18,46,0.266,0.327,0.402,0.729,97,0.329,98,80,3,0,0,0,0,*6/H,,ahmedni01
90,Jackie Bradley Jr.*,30,BOS,AL,2.0,55,217,191,32,54,11,0,7,22,5,2,23,48,0.283,0.364,0.450,0.814,116,0.363,120,86,2,2,0,1,1,*8,,bradlja02
91,Jean Segura,30,PHI,NL,1.4,54,217,192,28,51,5,2,7,25,2,2,23,45,0.266,0.347,0.422,0.769,107,0.336,107,81,6,1,1,0,2,45/6D,,segurje01
92,Jesús Aguilar,30,MIA,NL,0.5,51,216,188,31,52,10,0,8,34,0,1,23,40,0.277,0.352,0.457,0.809,117,0.350,116,86,5,1,0,4,0,3D/5H,,aguilje01
93,DJ LeMahieu,31,NYY,AL,3.0,50,216,195,41,71,10,2,10,27,3,0,18,21,0.364,0.421,0.590,1.011,178,0.441,182,115,3,2,0,1,0,435/HD,MVP-3SS,lemahdj01
94,Renato Núñez,26,BAL,AL,0.6,52,216,195,29,50,10,0,12,31,0,0,17,64,0.256,0.324,0.492,0.816,118,0.352,116,96,4,3,0,1,0,3D/5H,,nunezre01
95,Nelson Cruz,39,MIN,AL,1.8,53,214,185,33,56,6,0,16,33,0,0,25,58,0.303,0.397,0.595,0.992,171,0.416,168,110,8,4,0,0,5,*D/H,MVP-6SS,cruzne02
96,Chris Taylor,29,LAD,NL,1.8,56,214,185,30,50,10,2,8,32,3,2,26,55,0.270,0.366,0.476,0.842,127,0.374,133,88,3,2,1,0,0,674/8DH,,tayloch03
97,Asdrúbal Cabrera#,34,WSN,NL,0.1,52,213,190,23,46,9,3,8,31,0,0,19,40,0.242,0.305,0.447,0.753,101,0.320,95,85,6,0,0,4,0,35D/H,,cabreas01
98,Wilmer Flores,28,SFG,NL,1.2,55,213,198,30,53,11,1,12,32,1,0,13,36,0.268,0.315,0.515,0.830,124,0.352,120,102,5,1,0,1,1,D34/H5,,florewi01
99,Víctor Reyes#,25,DET,AL,0.8,57,213,202,30,56,7,2,4,14,8,2,9,45,0.277,0.315,0.391,0.706,93,0.324,97,79,4,2,0,0,0,*879/H,,reyesvi01
100,Aaron Hicks#,30,NYY,AL,0.7,54,211,169,28,38,10,2,6,21,4,1,41,38,0.225,0.379,0.414,0.793,122,0.356,124,70,4,1,0,0,1,*8/HD,,hicksaa01
101,Jose Altuve,30,HOU,AL,-0.3,48,210,192,32,42,9,0,5,18,2,3,17,39,0.219,0.286,0.344,0.629,71,0.284,74,66,5,1,0,0,0,*4,,altuvjo01
102,Corey Dickerson*,31,MIA,NL,0.2,52,210,194,25,50,5,1,7,17,1,1,15,35,0.258,0.311,0.402,0.713,91,0.321,95,78,5,0,0,0,1,*7/D9H,,dickeco01
103,AJ Pollock,32,LAD,NL,0.8,55,210,196,30,54,9,0,16,34,2,2,12,45,0.276,0.314,0.566,0.881,132,0.364,127,111,6,0,0,2,1,*78D/H,,polloaj01
104,Josh Reddick*,33,HOU,AL,-0.4,56,210,188,22,46,11,1,4,23,1,0,20,42,0.245,0.316,0.378,0.693,89,0.306,85,71,5,0,0,1,0,*9/DH,,reddijo01
105,Adam Duvall,31,ATL,NL,0.8,57,209,190,34,45,8,0,16,33,0,0,15,54,0.237,0.301,0.532,0.833,114,0.358,114,101,2,3,0,1,0,*79/H8D,,duvalad01
106,Evan Longoria,34,SFG,NL,0.6,53,209,193,26,49,10,1,7,28,0,1,11,39,0.254,0.297,0.425,0.722,96,0.305,90,82,10,2,0,3,0,*5/H,,longoev01
107,Jeff McNeil*,28,NYM,NL,1.5,52,209,183,19,57,14,0,4,23,0,2,20,24,0.311,0.383,0.454,0.836,130,0.366,135,83,3,3,0,3,2,74/59DH,,mcneije01
108,Bryan Reynolds#,25,PIT,NL,0.5,55,208,185,24,35,6,2,7,19,1,1,21,57,0.189,0.275,0.357,0.632,71,0.279,68,66,2,1,0,0,0,*78/HD,,reynobr01
109,Kolten Wong*,29,STL,NL,1.3,53,208,181,26,48,4,2,1,16,5,2,20,30,0.265,0.350,0.326,0.675,90,0.305,89,59,1,4,2,1,1,*4/H,GG,wongko01
110,Avisaíl García,29,MIL,NL,-0.3,53,207,181,20,43,10,0,2,15,1,3,20,49,0.238,0.333,0.326,0.659,78,0.295,79,59,2,6,0,0,2,*8/9DH,,garciav01
111,Teoscar Hernández,27,TOR,AL,1.5,50,207,190,33,55,7,0,16,34,6,1,14,63,0.289,0.340,0.579,0.919,146,0.397,148,110,4,1,0,1,0,*9/8DH,MVP-11SS,hernate01
112,Jonathan Villar#,29,2TM,2LG,-0.3,52,207,185,13,43,5,0,2,15,16,5,19,54,0.232,0.301,0.292,0.593,63,0.289,70,54,2,0,1,2,1,46/DH8,,villajo01
112,Jonathan Villar#,29,MIA,NL,-0.1,30,128,116,10,30,4,0,2,9,9,5,10,32,0.259,0.315,0.345,0.660,79,0.306,86,40,2,0,1,1,1,64/D8H,,villajo01
112,Jonathan Villar#,29,TOR,AL,-0.2,22,79,69,3,13,1,0,0,6,7,0,9,22,0.188,0.278,0.203,0.481,36,0.262,42,14,0,0,0,1,0,4/6DH,,villajo01
113,Jeimer Candelario#,26,DET,AL,2.1,52,206,185,30,55,11,3,7,29,1,1,20,49,0.297,0.369,0.503,0.872,137,0.376,137,93,3,1,0,0,0,*35/H,,candeje01
114,Austin Riley,23,ATL,NL,-0.4,51,206,188,24,45,7,1,8,27,0,0,16,49,0.239,0.301,0.415,0.716,86,0.311,82,78,5,1,0,1,1,*5/37,,rileyau01
115,Raimel Tapia*,26,COL,NL,0.8,51,206,184,26,59,8,2,1,17,8,2,14,38,0.321,0.369,0.402,0.772,98,0.350,99,74,3,2,1,3,0,7D/9H,,tapiara01
116,Willy Adames,24,TBR,AL,1.8,54,205,185,29,48,15,1,8,23,2,1,20,74,0.259,0.332,0.481,0.813,126,0.354,128,89,4,0,0,0,0,*6/H,,adamewi01
117,Miguel Sanó,27,MIN,AL,0.1,53,205,186,31,38,12,0,13,25,0,0,18,90,0.204,0.278,0.478,0.757,105,0.317,97,89,3,1,0,0,1,*3/D,,sanomi01
118,Rio Ruiz*,26,BAL,AL,0.6,54,204,185,25,41,11,0,9,32,1,2,17,46,0.222,0.286,0.427,0.713,90,0.308,88,79,4,0,1,1,1,*5/H47,,ruizri01
119,Donovan Solano,32,SFG,NL,1.5,54,203,190,22,62,15,1,3,29,0,0,10,39,0.326,0.365,0.463,0.828,127,0.371,134,88,2,2,0,1,0,*4/5H6,SS,solando01
120,Ronald Acuña Jr.,22,ATL,NL,2.4,46,202,160,46,40,11,0,14,29,8,1,38,60,0.250,0.406,0.581,0.987,156,0.420,153,93,3,4,0,0,2,*89,MVP-12SS,acunaro01
121,Jurickson Profar#,27,SDP,NL,1.4,56,202,180,28,50,6,0,7,25,7,1,15,28,0.278,0.343,0.428,0.771,114,0.344,114,77,1,4,1,2,0,74/H938D,,profaju01
122,Evan White,24,SEA,AL,-0.1,54,202,182,19,32,7,0,8,26,1,2,18,84,0.176,0.252,0.346,0.599,66,0.260,63,63,3,1,0,1,0,*3/H,GG,whiteev01
123,Nolan Arenado,29,COL,NL,1.5,48,201,182,23,46,9,0,8,26,0,0,15,20,0.253,0.303,0.434,0.738,86,0.313,76,79,7,0,0,4,3,*5,GG,arenano01
124,Colin Moran*,27,PIT,NL,0.5,52,200,178,28,44,10,0,10,23,0,0,19,52,0.247,0.325,0.472,0.797,114,0.349,116,84,9,2,0,1,0,D3/5H,,moranco01
125,Marwin González#,31,MIN,AL,0.2,53,199,175,15,37,4,0,5,22,0,0,17,41,0.211,0.286,0.320,0.606,69,0.274,67,56,1,3,0,4,0,543/9H,,gonzama01
126,Dominic Smith*,25,NYM,NL,1.9,50,199,177,27,56,21,1,10,42,0,0,14,45,0.316,0.377,0.616,0.993,168,0.411,162,109,2,5,0,3,0,37/DH,-MVP 13.00,smithdo02
127,Max Kepler*,27,MIN,AL,1.1,48,196,171,27,39,9,0,9,23,3,0,22,36,0.228,0.321,0.439,0.760,109,0.345,115,75,1,2,0,1,0,*9/8HD,,keplema01
128,Juan Soto*,21,WSN,NL,2.3,47,196,154,39,54,14,0,13,37,6,2,41,28,0.351,0.490,0.695,1.185,217,0.494,221,107,1,1,0,0,12,*7/9D,MVP-5SS,sotoju01
129,Ketel Marte#,26,ARI,NL,1.6,45,195,181,19,52,14,1,2,17,1,0,7,21,0.287,0.323,0.409,0.732,97,0.344,110,74,2,4,0,3,0,*4/86D,,marteke01
130,J.T. Realmuto,29,PHI,NL,1.4,47,195,173,33,46,6,0,11,32,4,1,16,48,0.266,0.349,0.491,0.840,124,0.364,123,85,3,6,0,0,0,2/D3H,,realmjt01
131,Yasmani Grandal#,31,CHW,AL,0.9,46,194,161,27,37,7,0,8,27,0,0,30,58,0.230,0.351,0.422,0.773,112,0.340,111,68,4,1,0,2,0,2/D3H,,grandya01
132,Brandon Crawford*,33,SFG,NL,1.3,54,193,172,26,44,12,0,8,28,1,2,15,47,0.256,0.326,0.465,0.792,115,0.335,112,80,3,4,0,2,2,*6/H,,crawfbr01
133,Erik González,28,PIT,NL,0.3,50,193,181,14,41,13,1,3,20,2,3,8,51,0.227,0.255,0.359,0.614,65,0.259,57,65,5,0,1,3,0,65/HD,,gonzaer01
134,Ryan McMahon*,25,COL,NL,0.5,52,193,172,23,37,6,1,9,26,0,1,18,66,0.215,0.295,0.419,0.714,80,0.320,83,72,4,2,0,1,0,453/H6,,mcmahry01
135,Jake Cronenworth*,26,SDP,NL,1.6,54,192,172,26,49,15,3,4,20,3,1,18,30,0.285,0.354,0.477,0.831,129,0.367,133,82,4,1,0,1,0,463/H5,ROY-2,croneja01
136,Robbie Grossman#,30,OAK,AL,1.2,51,192,166,23,40,12,2,8,23,8,1,21,38,0.241,0.344,0.482,0.826,128,0.368,130,80,1,5,0,0,2,*7/H8D9,,grossro01
137,Nicky Lopez*,25,KCR,AL,0.2,56,192,169,15,34,8,0,1,13,0,5,18,41,0.201,0.286,0.266,0.552,51,0.246,50,45,1,2,3,0,0,*4/65H,,lopezni01
138,Orlando Arcia,25,MIL,NL,0.3,59,189,173,22,45,10,1,5,20,2,0,14,32,0.260,0.317,0.416,0.734,95,0.326,94,72,10,1,0,1,0,*6/H18,,arciaor01
139,Víctor Robles,23,WSN,NL,-0.2,52,189,168,20,37,5,1,3,15,4,1,9,53,0.220,0.293,0.315,0.608,66,0.278,64,53,0,9,1,2,0,*8,,roblevi01
140,Christian Vázquez,29,BOS,AL,0.9,47,189,173,22,49,9,0,7,23,4,3,16,43,0.283,0.344,0.457,0.801,111,0.348,112,79,6,0,0,0,0,*2/D4H,,vazquch01
141,Michael Brantley*,33,HOU,AL,1.6,46,187,170,24,51,15,0,5,22,2,0,17,28,0.300,0.364,0.476,0.840,127,0.373,131,81,3,0,0,0,0,D7/H,,brantmi02
142,Hunter Dozier,28,KCR,AL,0.4,44,186,158,29,36,4,2,6,12,4,0,27,48,0.228,0.344,0.392,0.736,99,0.341,104,62,3,1,0,0,0,39/75,,doziehu01
143,Rhys Hoskins,27,PHI,NL,1.0,41,185,151,35,37,9,0,10,26,1,0,29,43,0.245,0.384,0.503,0.887,138,0.402,149,76,4,5,0,0,0,3/D,,hoskirh01
144,Yoshi Tsutsugo*,28,TBR,AL,0.2,51,185,157,27,31,5,1,8,24,0,0,26,50,0.197,0.314,0.395,0.708,99,0.315,100,62,5,1,0,1,1,D75/H,,tsutsyo01
145,Travis d'Arnaud,31,ATL,NL,0.8,44,184,165,19,53,8,0,9,34,1,0,16,50,0.321,0.386,0.533,0.919,139,0.394,138,88,8,2,0,1,0,2/DH,SS,darnatr01
146,Alex Gordon*,36,KCR,AL,0.3,50,184,163,15,34,4,0,4,11,0,0,18,37,0.209,0.299,0.307,0.606,65,0.288,71,50,0,3,0,0,0,*7/H,GG,gordoal01
147,Garrett Hampson,25,COL,NL,0.0,53,184,167,25,39,4,3,5,11,6,1,13,60,0.234,0.287,0.383,0.671,70,0.292,57,64,1,0,3,1,0,48/H76D,,hampsga01
148,Joey Wendle*,30,TBR,AL,1.4,50,184,168,24,48,9,2,4,17,8,2,10,35,0.286,0.342,0.435,0.777,118,0.338,113,73,1,5,0,1,1,546/H,,wendljo01
149,Austin Nola,30,2TM,2LG,1.2,48,184,161,24,44,9,1,7,28,0,0,18,34,0.273,0.353,0.472,0.825,129,0.363,132,76,3,3,0,2,1,*2/DH35,,nolaau01
149,Austin Nola,30,SEA,AL,0.9,29,110,98,15,30,5,1,5,19,0,0,9,17,0.306,0.373,0.531,0.903,151,0.390,152,52,1,2,0,1,1,2/H35D,,nolaau01
149,Austin Nola,30,SDP,NL,0.3,19,74,63,9,14,4,0,2,9,0,0,9,17,0.222,0.324,0.381,0.705,96,0.324,103,24,2,1,0,1,0,2/D,,nolaau01
150,Shogo Akiyama*,32,CIN,NL,0.7,54,183,155,16,38,6,1,0,9,7,3,25,34,0.245,0.357,0.297,0.654,74,0.311,78,46,1,2,0,0,0,*78/HD,,akiyash01
151,Jesse Winker*,26,CIN,NL,1.3,54,183,149,27,38,7,0,12,23,1,0,28,46,0.255,0.388,0.544,0.932,139,0.403,142,81,3,5,0,1,0,D7/H9,,winkeje01
152,Robinson Canó*,37,NYM,NL,1.3,49,182,171,23,54,9,0,10,30,0,0,9,24,0.316,0.352,0.544,0.896,143,0.387,146,93,7,1,0,1,1,4D/H,,canoro01
153,Edwin Encarnación,37,CHW,AL,-0.4,44,181,159,19,25,5,0,10,19,0,0,16,54,0.157,0.250,0.377,0.627,70,0.291,77,60,3,4,0,1,0,*D/H,,encared01
154,Jason Heyward*,30,CHC,NL,1.6,50,181,147,20,39,6,2,6,22,2,0,30,37,0.265,0.392,0.456,0.848,129,0.376,131,67,1,2,0,2,1,*9/H,,heywaja01
155,Alec Bohm,23,PHI,NL,0.7,44,180,160,24,54,11,0,4,23,1,1,16,36,0.338,0.400,0.481,0.881,137,0.385,139,77,4,2,0,2,0,5/3D,ROY-2,bohmal01
156,Alex Bregman,26,HOU,AL,1.0,42,180,153,19,37,12,1,6,22,0,0,24,26,0.242,0.350,0.451,0.801,117,0.344,112,69,2,2,0,1,1,*5/H,,bregmal01
157,Travis Shaw*,30,TOR,AL,0.2,50,180,163,17,39,10,0,6,17,0,0,16,50,0.239,0.306,0.411,0.717,95,0.310,90,67,4,0,0,1,0,53/HD,,shawtr01
158,Brandon Belt*,32,SFG,NL,2.1,51,179,149,25,46,13,1,9,30,0,0,30,36,0.309,0.425,0.591,1.015,177,0.429,174,88,5,0,0,0,1,*3/HD,-MVP 16.00,beltbr01
159,Niko Goodrum#,28,DET,AL,0.1,43,179,158,15,29,7,1,5,20,7,1,18,69,0.184,0.263,0.335,0.598,63,0.268,56,53,4,0,0,3,0,64/H,,goodrni01
160,Gary Sánchez,27,NYY,AL,-0.3,49,178,156,19,23,4,0,10,24,0,0,18,64,0.147,0.253,0.365,0.618,70,0.271,66,57,6,4,0,0,0,*2/DH,,sanchga02
161,Pedro Severino,26,BAL,AL,0.8,48,178,160,17,40,5,1,5,21,1,0,16,40,0.250,0.322,0.388,0.710,92,0.328,99,62,3,1,1,0,0,2D/H,,severpe01
162,Mauricio Dubón,25,SFG,NL,1.0,54,177,157,21,43,4,1,4,19,2,3,15,36,0.274,0.337,0.389,0.726,100,0.311,97,61,4,1,1,2,0,*8/46H,,dubonma01
163,Jonathan Schoop,28,DET,AL,1.3,44,177,162,26,45,4,2,8,23,0,0,8,39,0.278,0.324,0.475,0.799,116,0.359,125,77,8,4,0,2,0,*4,,schoojo01
164,Adam Eaton*,31,WSN,NL,-0.6,41,176,159,22,36,11,1,4,17,3,0,12,32,0.226,0.285,0.384,0.669,79,0.296,74,61,4,1,4,0,1,*9/H,,eatonad02
165,Shohei Ohtani*,25,LAA,AL,0.0,44,175,153,23,29,6,0,7,24,7,1,22,50,0.190,0.291,0.366,0.657,79,0.301,78,56,3,0,0,0,0,D/H1,,ohtansh01
166,Justin Turner,35,LAD,NL,1.4,42,175,150,26,46,9,1,4,23,1,0,18,26,0.307,0.400,0.460,0.860,133,0.395,145,69,2,6,0,1,0,5D,,turneju01
167,Paul DeJong,26,STL,NL,0.3,45,174,152,17,38,6,0,3,25,1,0,17,50,0.250,0.322,0.349,0.671,87,0.299,84,53,4,1,0,4,0,*6,,dejonpa01
168,Gregory Polanco*,28,PIT,NL,-0.9,50,174,157,12,24,6,0,7,22,3,1,13,65,0.153,0.214,0.325,0.539,44,0.233,34,51,1,0,0,3,0,9/DH,,polangr01
169,Jorge Soler,28,KCR,AL,0.2,43,174,149,17,34,8,0,8,24,0,0,19,60,0.228,0.326,0.443,0.769,106,0.338,106,66,3,3,0,1,0,D/9H,,solerjo01
170,Gio Urshela,28,NYY,AL,2.1,43,174,151,24,45,11,0,6,30,1,0,18,25,0.298,0.368,0.490,0.858,137,0.376,138,74,6,1,0,4,0,*5/H,,urshegi01
171,Kevin Newman,26,PIT,NL,-0.4,44,172,156,12,35,5,0,1,10,0,1,12,21,0.224,0.281,0.276,0.556,53,0.268,61,43,1,1,1,2,0,64/H,,newmake01
172,Todd Frazier,34,2TM,2LG,0.2,45,172,157,16,37,9,1,4,12,1,1,11,42,0.236,0.302,0.382,0.684,88,0.303,87,60,1,4,0,0,0,53/1H,,frazito01
172,Todd Frazier,34,TEX,AL,0.1,31,121,108,11,26,7,1,2,7,1,1,10,26,0.241,0.322,0.380,0.702,94,0.314,96,41,0,3,0,0,0,35/H,,frazito01
172,Todd Frazier,34,NYM,NL,0.1,14,51,49,5,11,2,0,2,5,0,0,1,16,0.224,0.255,0.388,0.643,74,0.275,68,19,1,1,0,0,0,5/1,,frazito01
173,Brad Miller*,30,STL,NL,0.9,48,171,142,21,33,8,1,7,25,1,0,25,46,0.232,0.357,0.451,0.807,122,0.361,128,64,2,3,0,1,1,D5/H64,,millebr02
174,Stephen Piscotty,29,OAK,AL,0.1,45,171,159,17,36,6,0,5,29,4,0,9,53,0.226,0.271,0.358,0.629,75,0.278,68,57,4,1,1,1,0,*9/H,,piscost01
175,Alex Dickerson*,30,SFG,NL,0.8,52,170,151,28,45,10,1,10,27,0,0,16,30,0.298,0.371,0.576,0.947,156,0.399,154,87,5,2,0,1,2,*7H/9D,,dickeal01
176,Matt Carpenter*,34,STL,NL,0.3,50,169,140,22,26,6,0,4,24,0,0,23,48,0.186,0.325,0.314,0.640,79,0.294,82,44,1,6,0,0,1,5D/3H,,carpema01
177,Justin Upton,32,LAA,AL,-0.6,42,166,147,20,30,5,0,9,22,0,2,11,43,0.204,0.289,0.422,0.711,92,0.305,90,62,6,7,0,1,0,7/D,,uptonju01
178,Martín Maldonado,33,HOU,AL,0.8,47,165,135,19,29,4,0,6,24,1,0,27,51,0.215,0.350,0.378,0.727,99,0.334,104,51,2,1,2,0,0,*2,,maldoma01
179,Anthony Santander#,25,BAL,AL,1.6,37,165,153,24,40,13,1,11,32,0,1,10,25,0.261,0.315,0.575,0.890,135,0.368,130,88,2,2,0,0,3,9/7D,,santaan02
180,Brian Goodwin*,29,2TM,2LG,-0.3,50,164,144,17,31,9,1,6,22,5,0,17,54,0.215,0.299,0.417,0.715,90,0.317,85,60,1,1,0,2,1,*879/HD,,goodwbr01
180,Brian Goodwin*,29,LAA,AL,0.2,30,109,95,12,23,7,1,4,17,1,0,12,35,0.242,0.330,0.463,0.793,115,0.337,107,44,0,1,0,1,1,79/8H,,goodwbr01
180,Brian Goodwin*,29,CIN,NL,-0.5,20,55,49,5,8,2,0,2,5,4,0,5,19,0.163,0.236,0.327,0.563,45,0.277,44,16,1,0,0,1,0,8/H79D,,goodwbr01
181,Mike Moustakas*,31,CIN,NL,0.1,44,163,139,13,32,9,0,8,27,1,0,18,36,0.230,0.331,0.468,0.799,105,0.347,103,65,5,4,0,2,1,43/D5H,,moustmi01
182,Albert Pujols,40,LAA,AL,-0.1,39,163,152,15,34,8,0,6,25,0,0,9,25,0.224,0.270,0.395,0.665,79,0.283,70,60,4,1,0,1,1,3D/H,,pujolal01
183,Clint Frazier,25,NYY,AL,1.8,39,160,131,24,35,6,1,8,26,3,0,25,44,0.267,0.394,0.511,0.905,150,0.408,159,67,5,3,0,1,0,9/7D,,frazicl01
184,Gleyber Torres,23,NYY,AL,0.0,42,160,136,17,33,8,0,3,16,1,0,22,28,0.243,0.356,0.368,0.724,103,0.327,104,50,5,2,0,0,0,6/H,,torregl01
185,Freddy Galvis#,30,CIN,NL,0.2,47,159,141,18,31,5,0,7,16,1,1,13,30,0.220,0.308,0.404,0.712,84,0.309,79,57,5,5,0,0,0,64/H,,galvifr01
186,Kevin Kiermaier*,30,TBR,AL,1.9,49,159,138,16,30,5,3,3,22,8,1,20,42,0.217,0.321,0.362,0.683,93,0.315,94,50,2,1,0,0,1,*8/H,,kiermke01
187,Manuel Margot,25,TBR,AL,1.1,47,159,145,19,39,9,0,1,11,12,4,13,25,0.269,0.327,0.352,0.679,93,0.324,103,51,0,0,0,1,0,*879/HD,,margoma01
188,Dylan Moore,27,SEA,AL,1.7,38,159,137,26,35,9,0,8,17,12,5,14,43,0.255,0.358,0.496,0.855,138,0.381,144,68,4,8,0,0,0,794/3658H,,mooredy01
189,Michael Chavis,24,BOS,AL,-0.8,42,158,146,16,31,5,2,5,19,3,0,8,50,0.212,0.259,0.377,0.636,67,0.282,60,55,6,2,0,2,0,37/4DH,,chavimi01
190,Brett Gardner*,36,NYY,AL,0.7,49,158,130,20,29,5,1,5,15,3,3,26,35,0.223,0.354,0.392,0.747,109,0.331,112,51,0,1,0,1,0,*78/HD,,gardnbr01
191,Tyler O'Neill,25,STL,NL,0.9,50,157,139,20,24,5,0,7,19,3,1,15,43,0.173,0.261,0.360,0.621,70,0.283,73,50,3,2,0,1,0,*7/HD,GG,oneilty01
192,Eric Hosmer*,30,SDP,NL,1.1,38,156,143,23,41,6,0,9,36,4,0,9,28,0.287,0.333,0.517,0.851,132,0.365,128,74,3,2,0,2,0,3/DH,,hosmeer01
193,Yadier Molina,37,STL,NL,0.4,42,156,145,12,38,2,0,4,16,0,0,6,21,0.262,0.303,0.359,0.662,83,0.291,80,52,7,3,1,1,0,*2/3,,molinya01
194,Salvador Perez,30,KCR,AL,2.1,37,156,150,22,50,12,0,11,32,1,0,3,36,0.333,0.353,0.633,0.986,159,0.425,166,95,0,2,0,1,0,2/3D,MVP-17SS,perezsa02
195,Wilson Ramos,32,NYM,NL,0.3,45,155,142,13,34,6,0,5,15,0,0,10,31,0.239,0.297,0.387,0.684,87,0.299,84,55,5,2,0,1,0,*2/HD,,ramoswi01
196,Ty France,25,2TM,2LG,1.0,43,155,141,19,43,9,1,4,23,0,0,11,37,0.305,0.368,0.468,0.836,133,0.361,131,66,3,3,0,0,0,D4/H53,,francty01
196,Ty France,25,SDP,NL,0.5,20,61,55,9,17,4,0,2,10,0,0,5,15,0.309,0.377,0.491,0.868,140,0.376,140,27,1,1,0,0,0,D/H35,,francty01
196,Ty France,25,SEA,AL,0.5,23,94,86,10,26,5,1,2,13,0,0,6,22,0.302,0.362,0.453,0.815,128,0.352,125,39,2,2,0,0,0,4/D5,,francty01
197,Cedric Mullins*,25,BAL,AL,0.5,48,153,140,16,38,4,3,3,12,7,2,8,37,0.271,0.315,0.407,0.723,95,0.312,85,57,0,1,4,0,0,*8/79HD,,mullice01
198,Matt Chapman,27,OAK,AL,1.2,37,152,142,22,33,9,2,10,25,0,0,8,54,0.232,0.276,0.535,0.812,120,0.335,112,76,2,1,0,1,0,5/6,,chapmma01
199,Austin Meadows*,25,TBR,AL,0.3,36,152,132,19,27,8,1,4,13,2,1,17,50,0.205,0.296,0.371,0.667,87,0.292,84,49,0,1,0,2,0,7/D9H,,meadoau01
200,Mitch Moreland*,34,2TM,2LG,1.1,42,152,136,22,36,9,0,10,29,0,0,15,32,0.265,0.342,0.551,0.894,138,0.378,135,75,0,1,0,0,2,3/HD,,morelmi01
200,Mitch Moreland*,34,BOS,AL,1.1,22,79,67,14,22,4,0,8,21,0,0,11,18,0.328,0.430,0.746,1.177,205,0.477,201,50,0,1,0,0,1,3/H,,morelmi01
200,Mitch Moreland*,34,SDP,NL,0.0,20,73,69,8,14,5,0,2,8,0,0,4,14,0.203,0.247,0.362,0.609,67,0.270,65,25,0,0,0,0,1,3/DH,,morelmi01
201,Tim Lopes,26,SEA,AL,-0.2,46,151,143,16,34,12,0,2,15,5,0,6,34,0.238,0.278,0.364,0.642,79,0.291,77,52,2,2,0,0,0,7D9/H15,,lopesti01
202,Jose Iglesias,30,BAL,AL,1.3,39,150,142,16,53,17,0,3,24,0,0,3,17,0.373,0.400,0.556,0.956,157,0.407,155,79,1,4,0,1,0,6D/H,,iglesjo01
203,Pat Valaika,27,BAL,AL,0.5,52,150,141,24,39,4,0,8,16,0,2,8,34,0.277,0.315,0.475,0.791,111,0.341,114,67,3,0,1,0,0,634/H579,,valaipa01
204,Jon Berti,30,MIA,NL,0.9,39,149,120,21,31,5,0,2,14,9,2,23,37,0.258,0.388,0.350,0.738,102,0.356,114,42,1,3,2,1,0,4/895H6,,bertijo01
205,Nomar Mazara*,25,CHW,AL,-0.2,42,149,136,13,31,6,0,1,15,0,1,10,44,0.228,0.295,0.294,0.589,64,0.264,60,40,0,3,0,0,0,*9/H,,mazarno01
206,Kiké Hernández,28,LAD,NL,1.0,48,148,139,20,32,8,1,5,20,0,1,6,31,0.230,0.270,0.410,0.680,81,0.299,82,57,5,2,0,1,0,4H/97836D,,hernaen02
207,Matt Joyce*,35,MIA,NL,-0.4,46,148,127,16,32,4,0,2,14,1,0,20,41,0.252,0.351,0.331,0.682,87,0.331,100,42,3,0,0,1,0,97D/H,,joycema01
208,Rougned Odor*,26,TEX,AL,-0.5,38,148,138,15,23,4,0,10,30,0,1,7,47,0.167,0.209,0.413,0.623,66,0.266,63,57,2,1,0,2,0,4/D,,odorro01
209,Kris Bryant,28,CHC,NL,0.4,34,147,131,20,27,5,1,4,11,0,0,12,40,0.206,0.293,0.351,0.644,73,0.311,87,46,1,4,0,0,0,5/7D3,,bryankr01
210,Danny Jansen,25,TOR,AL,0.6,43,147,120,18,22,3,0,6,20,0,0,21,31,0.183,0.313,0.358,0.671,85,0.325,101,43,1,2,3,1,0,*2/H,,janseda01
211,Amed Rosario,24,NYM,NL,0.0,46,147,143,20,36,3,1,4,15,0,1,4,34,0.252,0.272,0.371,0.643,75,0.284,76,53,5,0,0,0,0,*6/H,,rosaram01
212,David Bote,27,CHC,NL,0.0,45,145,125,15,25,3,1,7,29,2,0,17,40,0.200,0.303,0.408,0.711,90,0.312,86,51,6,2,0,1,0,5/4HD3,,boteda01
213,Jiman Choi*,29,TBR,AL,0.4,42,145,122,16,28,13,0,3,16,0,0,20,36,0.230,0.331,0.410,0.741,108,0.317,102,50,1,0,0,3,2,3H/D,,choiji01
214,Miguel Rojas,31,MIA,NL,1.6,40,143,125,20,38,10,1,4,20,5,1,16,18,0.304,0.392,0.496,0.888,138,0.383,134,62,1,2,0,0,2,6/35H,,rojasmi02
215,Jacob Stallings,30,PIT,NL,1.0,42,143,125,13,31,7,0,3,18,0,0,15,40,0.248,0.326,0.376,0.702,91,0.317,93,47,2,0,2,1,0,*2,,stallja01
216,Ryan Braun,36,MIL,NL,0.1,39,141,129,14,30,7,1,8,26,1,0,7,27,0.233,0.281,0.488,0.769,101,0.330,97,63,6,2,0,1,0,9D/H3,,braunry02
217,Nick Markakis*,36,ATL,NL,-0.2,37,141,130,15,33,15,0,1,15,0,1,10,23,0.254,0.312,0.392,0.704,85,0.317,88,51,5,1,0,0,0,9/7HD,,markani01
218,Tyler Naquin*,29,CLE,AL,-0.4,40,141,133,15,29,8,1,4,20,0,1,5,40,0.218,0.248,0.383,0.632,70,0.272,65,51,3,1,0,2,0,9/H,,naquity01
219,Joe Panik*,29,TOR,AL,-0.3,41,141,120,18,27,6,0,1,7,0,0,20,27,0.225,0.340,0.300,0.640,79,0.297,81,36,4,1,0,0,0,465/HD,,panikjo01
220,Willi Castro#,23,DET,AL,0.5,36,140,129,21,45,4,2,6,24,0,1,7,38,0.349,0.381,0.550,0.932,153,0.389,148,71,0,1,1,2,0,6/54DH,ROY-4,castrwi01
221,Ryan Mountcastle,23,BAL,AL,0.7,35,140,126,12,42,5,0,5,23,0,1,11,30,0.333,0.386,0.492,0.878,137,0.390,146,62,2,1,0,2,0,73/DH,ROY-8,mountry01
222,Sean Murphy,25,OAK,AL,1.1,43,140,116,21,27,5,0,7,14,0,0,24,37,0.233,0.364,0.457,0.821,129,0.365,133,53,6,0,0,0,0,*2/H,ROY-4,murphse01
223,Eric Thames*,33,WSN,NL,-0.4,41,140,123,10,25,5,0,3,12,1,0,14,42,0.203,0.300,0.317,0.617,68,0.291,73,39,2,3,0,0,1,3D/H,,thameer01
224,Luis García Jr.*,20,WSN,NL,-0.1,40,139,134,18,37,6,0,2,16,1,1,5,29,0.276,0.302,0.366,0.668,81,0.296,79,49,3,0,0,0,0,4/6H,,garcilu04
225,Hunter Renfroe,28,TBR,AL,-0.1,42,139,122,18,19,5,0,8,22,2,0,14,37,0.156,0.252,0.393,0.645,79,0.307,92,48,3,2,0,1,0,9/H3D,,renfrhu01
226,Yandy Díaz,28,TBR,AL,1.1,34,138,114,16,35,3,0,2,11,0,0,23,17,0.307,0.428,0.386,0.814,133,0.377,144,44,6,1,0,0,1,5/DH3,,diazya01
227,Joc Pederson*,28,LAD,NL,-0.3,43,138,121,21,23,4,0,7,16,1,0,11,34,0.190,0.285,0.397,0.681,83,0.305,82,48,5,5,0,0,0,7D/9H,,pederjo01
228,Will Smith,25,LAD,NL,1.4,37,137,114,23,33,9,0,8,25,0,0,20,22,0.289,0.401,0.579,0.980,162,0.410,157,66,2,2,0,1,1,2/DH,,smithwi05
229,Daniel Vogelbach*,27,3TM,2LG,-0.1,39,136,115,16,24,3,0,6,16,0,0,20,33,0.209,0.331,0.391,0.722,98,0.318,95,45,3,1,0,0,1,D/H3,,vogelda01
229,Daniel Vogelbach*,27,2TM,AL,-0.6,20,69,57,3,5,1,0,2,4,0,0,12,15,0.088,0.246,0.211,0.457,31,0.214,27,12,1,0,0,0,1,D/H,,vogelda01
229,Daniel Vogelbach*,27,SEA,AL,-0.5,18,64,53,3,5,1,0,2,4,0,0,11,13,0.094,0.250,0.226,0.476,36,0.220,32,12,1,0,0,0,1,D/H,,vogelda01
229,Daniel Vogelbach*,27,TOR,AL,-0.1,2,5,4,0,0,0,0,0,0,0,0,1,2,0.000,0.200,0.000,0.200,-37,0.140,-28,0,0,0,0,0,0,/DH,,vogelda01
229,Daniel Vogelbach*,27,MIL,NL,0.5,19,67,58,13,19,2,0,4,12,0,0,8,18,0.328,0.418,0.569,0.987,161,0.424,163,33,2,1,0,0,0,D/3H,,vogelda01
230,Byron Buxton,26,MIN,AL,2.1,39,135,130,19,33,3,0,13,27,2,1,2,36,0.254,0.267,0.577,0.844,125,0.348,119,75,2,1,0,2,0,8,-MVP 16.00,buxtoby01
231,Jedd Gyorko,31,MIL,NL,0.7,42,135,117,19,29,3,0,9,17,0,0,15,38,0.248,0.333,0.504,0.838,120,0.365,123,59,4,1,0,2,1,35/H1D,,gyorkje01
232,Jason Kipnis*,33,CHC,NL,0.8,44,135,114,13,27,8,1,3,16,1,0,18,41,0.237,0.341,0.404,0.744,101,0.339,106,46,1,1,0,2,0,4/DH3,,kipnija01
233,Austin Romine,31,DET,AL,-0.2,37,135,130,12,31,5,0,2,17,0,0,4,47,0.238,0.259,0.323,0.582,59,0.267,60,42,3,0,0,1,0,2/3,,rominau01
234,Austin Hays,24,BAL,AL,0.8,33,134,122,20,34,2,0,4,9,2,3,8,25,0.279,0.328,0.393,0.722,96,0.332,108,48,1,2,0,2,0,87/9H,,haysau01
235,Leody Taveras#,21,TEX,AL,1.3,33,134,119,20,27,6,1,4,6,8,0,14,43,0.227,0.308,0.395,0.703,93,0.326,92,47,0,0,1,0,0,8,,taverle01
236,Garrett Cooper,29,MIA,NL,0.6,34,133,120,20,34,8,0,6,20,0,0,11,31,0.283,0.353,0.500,0.853,127,0.373,130,60,5,2,0,0,0,D3/H,,coopega03
237,Jo Adell,21,LAA,AL,-1.4,38,132,124,9,20,4,0,3,7,0,1,7,55,0.161,0.212,0.266,0.478,30,0.206,19,33,3,1,0,0,0,9/8H,,adelljo01
238,Victor Caratini#,26,CHC,NL,-0.2,44,132,116,10,28,7,0,1,16,0,1,12,31,0.241,0.333,0.328,0.661,80,0.295,79,38,4,4,0,0,1,2D/H3,,caratvi01
239,Andrés Giménez*,21,NYM,NL,1.0,49,132,118,22,31,3,2,3,12,8,1,7,28,0.263,0.333,0.398,0.732,101,0.332,100,47,0,6,0,1,0,645/H,ROY-7,gimenan01
240,Matt Kemp,35,COL,NL,0.1,43,132,117,18,28,3,0,6,21,1,0,15,41,0.239,0.326,0.419,0.745,89,0.324,83,49,5,0,0,0,1,DH/7,,kempma01
241,Daniel Murphy*,35,COL,NL,-0.9,40,132,123,10,29,3,0,3,16,0,0,7,21,0.236,0.275,0.333,0.608,55,0.261,38,41,3,0,0,1,2,3/HD,,murphda08
242,Ryan O'Hearn*,26,KCR,AL,-0.6,42,132,113,7,22,6,0,2,18,0,0,18,37,0.195,0.303,0.301,0.604,65,0.270,58,34,5,0,0,1,2,3H/D,,ohearry01
243,Justin Smoak#,33,2TM,NL,-0.7,36,132,119,14,21,7,0,5,15,0,0,10,42,0.176,0.250,0.361,0.611,62,0.272,58,43,4,2,0,1,0,3/HD,,smoakju01
243,Justin Smoak#,33,MIL,NL,-0.5,33,126,113,14,21,7,0,5,15,0,0,10,40,0.186,0.262,0.381,0.642,69,0.285,67,43,3,2,0,1,0,3/HD,,smoakju01
243,Justin Smoak#,33,SFG,NL,-0.2,3,6,6,0,0,0,0,0,0,0,0,0,2,0.000,0.000,0.000,0.000,-100,0.000,-124,0,1,0,0,0,0,/DH,,smoakju01
244,Ender Inciarte*,29,ATL,NL,-0.6,46,131,116,17,22,2,1,1,10,4,1,12,25,0.190,0.262,0.250,0.512,36,0.243,32,29,0,0,1,2,0,*8/H,,inciaen01
245,Carson Kelly,25,ARI,NL,-0.1,39,129,122,11,27,5,0,5,19,0,0,6,29,0.221,0.264,0.385,0.649,73,0.280,67,47,4,1,0,0,0,2/H1D,,kellyca02
246,Kurt Suzuki,36,WSN,NL,0.2,33,129,111,15,30,8,0,2,17,1,0,11,19,0.270,0.349,0.396,0.745,102,0.337,105,44,4,4,0,3,0,2/DH,,suzukku01
247,Bo Bichette,22,TOR,AL,1.1,29,128,123,18,37,9,1,5,23,4,1,5,27,0.301,0.328,0.512,0.840,127,0.371,131,63,2,0,0,0,1,6/D,,bichebo01
248,Shed Long Jr.*,24,SEA,AL,-0.1,34,128,117,10,20,5,0,3,9,4,0,11,37,0.171,0.242,0.291,0.533,49,0.251,49,34,1,0,0,0,0,4/H7D,,longsh01
249,Eric Sogard*,34,MIL,NL,-0.2,43,128,115,10,24,5,0,1,10,0,0,11,20,0.209,0.281,0.278,0.560,51,0.256,47,32,1,1,0,1,0,5H/467D,,sogarer01
250,Johan Camargo#,26,ATL,NL,0.1,35,127,120,16,24,8,0,4,9,0,0,6,35,0.200,0.244,0.367,0.611,58,0.270,53,44,1,1,0,0,0,45/HD,,camarjo01
251,Shin-Soo Choo*,37,TEX,AL,0.1,33,127,110,13,26,3,0,5,15,6,2,13,33,0.236,0.323,0.400,0.723,99,0.321,97,44,1,2,0,2,1,7D/9H,,choosh01
252,Ben Gamel*,28,MIL,NL,-0.4,40,127,114,13,27,8,1,3,10,0,2,13,39,0.237,0.315,0.404,0.718,91,0.307,88,46,4,0,0,0,0,98/H7,,gamelbe01
253,Andrelton Simmons,30,LAA,AL,0.6,30,127,118,19,35,7,0,0,10,2,0,8,16,0.297,0.346,0.356,0.702,94,0.336,105,42,5,1,0,0,0,6,,simmoan01
254,Rowdy Tellez*,25,TOR,AL,0.6,35,127,113,20,32,5,0,8,23,0,1,11,20,0.283,0.346,0.540,0.886,139,0.378,141,61,1,1,0,2,1,3D/H,,tellero01
255,Nico Hoerner,23,CHC,NL,0.8,48,126,108,19,24,4,0,0,13,3,2,12,24,0.222,0.312,0.259,0.571,57,0.277,65,28,3,3,0,2,0,46/5H78D,,hoernni01
256,Omar Narváez*,28,MIL,NL,-0.1,40,126,108,8,19,4,0,2,10,0,0,16,39,0.176,0.294,0.269,0.562,53,0.264,52,29,1,2,0,0,0,2/H,,narvaom01
257,Harrison Bader,26,STL,NL,1.0,50,125,106,21,24,7,2,4,11,3,1,13,40,0.226,0.336,0.443,0.779,114,0.359,126,47,2,5,0,1,0,*8/HD,,baderha01
258,Tommy Pham,32,SDP,NL,-0.1,31,125,109,13,23,2,0,3,12,6,0,15,27,0.211,0.312,0.312,0.624,75,0.294,75,34,2,1,0,0,0,7D,,phamth01
259,Ozzie Albies#,23,ATL,NL,0.8,29,124,118,21,32,5,0,6,19,3,1,5,30,0.271,0.306,0.466,0.773,100,0.358,113,55,0,1,0,0,0,4/H,,albieoz01
260,Scott Kingery,26,PHI,NL,-0.9,36,124,113,12,18,5,0,3,6,0,0,9,35,0.159,0.228,0.283,0.511,37,0.249,44,32,1,1,1,0,0,4/8H6,,kingesc01
261,Jake Cave*,27,MIN,AL,0.4,42,123,113,17,25,3,2,4,15,0,2,5,44,0.221,0.285,0.389,0.674,85,0.291,85,44,0,5,0,0,0,89H/7D,,caveja01
262,Carter Kieboom,22,WSN,NL,0.2,33,122,99,15,20,1,0,0,9,0,1,17,33,0.202,0.344,0.212,0.556,57,0.274,66,21,6,5,0,1,0,5/HD,,kieboca01
263,Luis Arráez*,23,MIN,AL,0.8,32,121,112,16,36,9,0,0,13,0,0,8,11,0.321,0.364,0.402,0.765,113,0.344,116,45,2,0,0,1,0,4/H,,arraelu01
264,Chance Sisco*,25,BAL,AL,0.2,36,121,98,11,21,4,0,4,10,0,0,17,41,0.214,0.364,0.378,0.741,103,0.337,106,37,1,6,0,0,0,2/DH,,siscoch01
265,Delino DeShields,27,CLE,AL,0.0,37,120,107,10,27,3,2,0,7,3,2,9,29,0.252,0.310,0.318,0.628,73,0.274,65,34,0,0,4,0,0,8/HD,,deshide02
266,José Peraza,26,BOS,AL,-0.1,34,120,111,13,25,8,1,1,8,1,1,5,18,0.225,0.275,0.342,0.617,64,0.283,66,38,3,3,0,1,0,4/76H15D,,perazjo01
267,Luis Urías,23,MIL,NL,0.2,41,120,109,11,26,4,1,0,11,2,2,10,32,0.239,0.308,0.294,0.602,63,0.267,58,32,4,1,0,0,0,54/6H,,uriaslu01
268,Dylan Carlson#,21,STL,NL,0.1,35,119,110,11,22,7,1,3,16,1,1,8,35,0.200,0.252,0.364,0.616,68,0.262,61,40,3,0,0,1,0,987/H,,carlsdy01
269,Yan Gomes,32,WSN,NL,0.7,30,119,109,14,31,6,1,4,13,1,0,6,22,0.284,0.319,0.468,0.787,110,0.351,115,51,1,1,0,3,0,2,,gomesya01
270,Roman Quinn#,27,PHI,NL,0.0,41,116,108,14,23,3,1,2,7,12,0,5,39,0.213,0.261,0.315,0.576,55,0.289,55,34,0,2,1,0,0,8/H9,,quinnro01
271,Cole Tucker#,23,PIT,NL,-0.9,37,116,109,17,24,3,0,1,8,1,0,5,31,0.220,0.252,0.275,0.527,44,0.250,45,30,3,0,1,1,0,89/H4D,,tuckeco01
272,José Marmolejos*,27,SEA,AL,-0.2,35,115,107,12,22,4,0,6,18,0,1,7,32,0.206,0.261,0.411,0.672,85,0.291,85,44,2,1,0,0,0,7D/3H9,,marmojo01
273,Daulton Varsho*,23,ARI,NL,0.1,37,115,101,16,19,5,2,3,9,3,1,12,33,0.188,0.287,0.366,0.653,76,0.288,71,37,1,2,0,0,0,82/D7H,,varshda01
274,Sam Hilliard*,26,COL,NL,0.2,36,114,105,13,22,2,2,6,10,3,0,9,42,0.210,0.272,0.438,0.710,77,0.305,67,46,0,0,0,0,0,798/HD,,hillisa01
275,Aaron Judge,28,NYY,AL,1.1,28,114,101,23,26,3,0,9,22,0,1,10,32,0.257,0.336,0.554,0.891,143,0.379,145,56,5,2,0,0,0,9/DH,,judgeaa01
276,Tony Kemp*,28,OAK,AL,0.0,49,114,93,15,23,5,0,0,4,3,1,15,14,0.247,0.363,0.301,0.664,90,0.308,92,28,0,3,1,2,0,*4/H7D,,kempto01
277,Danny Mendick,26,CHW,AL,0.7,33,114,107,11,26,4,1,3,6,0,1,6,25,0.243,0.281,0.383,0.664,81,0.290,79,41,3,0,0,1,0,4/65,,mendida01
278,Lewis Brinson,26,MIA,NL,0.1,47,112,106,14,24,6,0,3,12,4,0,6,30,0.226,0.268,0.368,0.636,70,0.280,60,39,2,0,0,0,0,*97H/8,,brinsle01
279,DJ Stewart*,26,BAL,AL,0.5,31,112,88,13,17,2,0,7,15,0,0,20,38,0.193,0.355,0.455,0.809,118,0.360,123,40,0,2,2,0,0,97/H,,stewadj01
280,Elvis Andrus,31,TEX,AL,-0.3,29,111,103,11,20,5,0,3,7,3,1,8,15,0.194,0.252,0.330,0.582,60,0.264,58,34,5,0,0,0,0,6/H,,andruel01
281,Joey Bart,23,SFG,NL,0.3,33,111,103,15,24,5,2,0,7,0,0,3,41,0.233,0.288,0.320,0.609,68,0.295,82,33,1,5,0,0,0,2/DH,,bartjo01
282,James McCann,30,CHW,AL,1.3,31,111,97,20,28,3,0,7,15,1,1,8,30,0.289,0.360,0.536,0.896,143,0.385,144,52,2,4,0,2,0,2/H,,mccanja02
283,Mike Tauchman*,29,NYY,AL,0.1,43,111,95,18,23,6,0,0,14,6,0,14,26,0.242,0.342,0.305,0.648,84,0.300,77,29,3,1,0,1,3,*79/8HD,,tauchmi01
284,Tucker Barnhart*,29,CIN,NL,0.8,38,110,98,10,20,3,0,5,13,0,0,12,28,0.204,0.291,0.388,0.679,75,0.298,70,38,2,0,0,0,0,2/3H,GG,barnhtu01
285,Roberto Pérez,31,CLE,AL,0.2,32,110,97,6,16,2,0,1,5,0,0,11,38,0.165,0.264,0.216,0.480,34,0.262,56,21,2,2,0,0,0,2,GG,perezro02
286,Nick Madrigal,23,CHW,AL,0.5,29,109,103,8,35,3,0,0,11,2,1,4,7,0.340,0.376,0.369,0.745,107,0.347,117,38,5,2,0,0,0,4,,madrini01
287,Tony Wolters*,28,COL,NL,-0.3,42,109,100,10,23,4,0,0,8,0,0,6,30,0.230,0.280,0.270,0.550,42,0.268,44,27,1,1,2,0,0,2/4H,,wolteto01
288,Willie Calhoun*,25,TEX,AL,-1.0,29,108,100,3,19,2,1,1,13,0,0,5,17,0.190,0.231,0.260,0.491,36,0.217,26,26,1,1,0,2,0,D/7H,,calhowi01
289,JaCoby Jones,28,DET,AL,0.5,30,108,97,19,26,9,0,5,14,1,1,7,34,0.268,0.333,0.515,0.849,129,0.364,130,50,1,3,0,1,0,8/H,,jonesja07
290,Isaac Paredes,21,DET,AL,-0.3,34,108,100,7,22,4,0,1,6,0,0,8,24,0.220,0.278,0.290,0.568,57,0.255,52,29,1,0,0,0,0,5/HD,,paredis01
291,Jared Walsh*,26,LAA,AL,0.7,32,108,99,19,29,4,2,9,26,0,0,5,15,0.293,0.324,0.646,0.971,157,0.399,152,64,0,1,0,3,0,3/H9D,ROY-7,walshja01
292,Luis Rengifo#,23,LAA,AL,-0.3,33,106,90,12,14,1,0,1,3,3,1,14,26,0.156,0.269,0.200,0.469,32,0.235,35,18,2,0,2,0,0,4/56H,,rengilu01
293,Brock Holt*,32,2TM,NL,-0.7,36,106,95,12,20,6,0,0,5,1,0,9,24,0.211,0.283,0.274,0.557,52,0.255,47,26,3,1,0,1,0,5/7H391D,,holtbr01
293,Brock Holt*,32,MIL,NL,-0.6,16,36,30,1,3,0,0,0,1,0,0,4,9,0.100,0.222,0.100,0.322,-9,0.168,-14,3,2,1,0,1,0,5/H79,,holtbr01
293,Brock Holt*,32,WSN,NL,0.0,20,70,65,11,17,6,0,0,4,1,0,5,15,0.262,0.314,0.354,0.668,81,0.300,78,23,1,0,0,0,0,/753H19D,,holtbr01
294,Max Stassi,29,LAA,AL,1.0,31,105,90,12,25,2,0,7,20,0,0,11,21,0.278,0.352,0.533,0.886,138,0.371,132,48,5,1,0,3,0,2/H,,stassma01
295,Tyler Wade*,25,NYY,AL,0.7,52,105,88,19,15,3,0,3,10,4,1,12,22,0.170,0.288,0.307,0.595,67,0.283,71,27,1,3,1,1,0,46/H,,wadety01
296,Austin Barnes,30,LAD,NL,0.7,29,104,86,14,21,3,0,1,9,3,0,13,24,0.244,0.353,0.314,0.667,84,0.321,90,27,0,2,2,1,0,2/DH,,barneau01
297,Austin Slater,27,SFG,NL,0.9,31,104,85,18,24,2,1,5,7,8,1,16,22,0.282,0.408,0.506,0.914,151,0.407,151,43,2,2,1,0,0,D/9H7,,slateau01
298,Josh Naylor*,23,2TM,2LG,0.0,40,104,97,13,24,3,1,1,6,1,0,5,12,0.247,0.291,0.330,0.621,71,0.287,73,32,2,1,0,0,0,7H/D39,,naylojo01
298,Josh Naylor*,23,SDP,NL,0.0,18,38,36,4,10,0,1,1,4,1,0,1,4,0.278,0.316,0.417,0.732,102,0.347,116,15,2,1,0,0,0,/DH937,,naylojo01
298,Josh Naylor*,23,CLE,AL,0.0,22,66,61,9,14,3,0,0,2,0,0,4,8,0.230,0.277,0.279,0.556,54,0.252,48,17,0,0,0,0,0,7/H3,,naylojo01
299,Jay Bruce*,33,PHI,NL,0.2,32,103,96,11,19,4,2,6,14,0,0,7,24,0.198,0.252,0.469,0.721,89,0.315,90,45,1,0,0,0,1,7D/H93,,bruceja01
300,Joshua Fuentes,27,COL,NL,1.1,30,103,98,14,30,7,0,2,17,1,0,2,29,0.306,0.320,0.439,0.759,92,0.335,90,43,1,1,0,2,0,3/5H79,,fuentjo01
301,Josh Donaldson,34,MIN,AL,0.5,28,102,81,14,18,2,0,6,11,0,0,18,24,0.222,0.373,0.469,0.842,132,0.359,127,38,4,2,0,1,1,5/H,,donaljo02
302,Phil Gosselin,31,PHI,NL,-0.1,39,102,92,14,23,5,0,3,12,0,0,10,27,0.250,0.324,0.402,0.726,95,0.322,95,37,3,0,0,0,1,D/H37945,,gosseph01
303,Taylor Ward,26,LAA,AL,0.1,34,102,94,16,26,6,2,0,5,2,0,8,28,0.277,0.333,0.383,0.716,96,0.337,105,36,1,0,0,0,0,97/H3D,,wardta01
304,Ehire Adrianza#,30,MIN,AL,0.2,44,101,89,10,17,7,0,0,3,1,0,11,23,0.191,0.287,0.270,0.557,57,0.259,55,24,3,1,0,0,0,5H/641D,,adriaeh01
305,Dexter Fowler#,34,STL,NL,0.0,31,101,90,14,21,2,0,4,15,1,1,10,28,0.233,0.317,0.389,0.706,95,0.309,94,35,2,1,0,0,0,9/DH,,fowlede01
306,Edward Olivares,24,2TM,2LG,-0.8,31,101,96,9,23,2,1,3,10,0,2,4,25,0.240,0.267,0.375,0.642,73,0.262,63,36,1,0,0,1,0,789/HD,,olivaed02
306,Edward Olivares,24,SDP,NL,-0.5,13,36,34,4,6,1,0,1,3,0,1,2,14,0.176,0.222,0.294,0.516,43,0.214,37,10,0,0,0,0,0,/79H8D,,olivaed02
306,Edward Olivares,24,KCR,AL,-0.3,18,65,62,5,17,1,1,2,7,0,1,2,11,0.274,0.292,0.419,0.712,90,0.290,78,26,1,0,0,1,0,8/79,,olivaed02
307,Cameron Maybin,33,2TM,2LG,0.0,32,101,93,8,23,8,1,1,7,3,0,7,25,0.247,0.307,0.387,0.694,88,0.316,88,36,4,1,0,0,0,9/H78D,,maybica01
307,Cameron Maybin,33,DET,AL,-0.1,14,45,41,5,10,4,0,1,2,0,0,4,13,0.244,0.311,0.415,0.726,98,0.313,93,17,3,0,0,0,0,9/HD,,maybica01
307,Cameron Maybin,33,CHC,NL,0.1,18,56,52,3,13,4,1,0,5,3,0,3,12,0.250,0.304,0.365,0.669,80,0.319,84,19,1,1,0,0,0,/97H8D,,maybica01
308,Jorge Alfaro,27,MIA,NL,-0.4,31,100,93,12,21,2,0,3,16,2,0,4,36,0.226,0.280,0.344,0.624,68,0.276,59,32,2,3,0,0,1,2/9DH,,alfarjo01
309,Howie Kendrick,36,WSN,NL,-0.2,25,100,91,11,25,4,0,2,14,0,0,7,17,0.275,0.320,0.385,0.705,91,0.299,79,35,4,0,0,2,2,D/3,,kendrho01
310,Darin Ruf,33,SFG,NL,0.8,40,100,87,11,24,6,0,5,18,1,0,13,23,0.276,0.370,0.517,0.887,142,0.400,153,45,1,0,0,0,0,7H/D39,,rufda01
311,David Dahl*,26,COL,NL,-1.0,24,99,93,9,17,2,2,0,9,1,0,4,28,0.183,0.222,0.247,0.470,20,0.221,11,23,0,1,0,1,0,8/79D,,dahlda01
312,Khris Davis,32,OAK,AL,-0.3,30,99,85,9,17,5,0,2,10,0,0,10,26,0.200,0.303,0.329,0.632,78,0.284,76,28,5,3,0,1,0,D/H,,daviskh01
313,Christin Stewart*,26,DET,AL,-0.6,36,99,90,6,15,3,0,3,9,0,0,5,30,0.167,0.224,0.300,0.524,43,0.230,34,27,2,2,0,1,0,7/HD,,stewach02
314,Michael A. Taylor,29,WSN,NL,-0.4,38,99,92,11,18,6,0,5,16,0,0,6,27,0.196,0.253,0.424,0.676,79,0.283,69,39,2,1,0,0,0,789/HD,,taylomi02
315,Jake Lamb*,29,2TM,2LG,-0.3,31,99,88,7,17,5,0,3,10,0,1,8,25,0.193,0.283,0.352,0.635,74,0.286,77,31,1,3,0,0,0,53/D,,lambja01
315,Jake Lamb*,29,ARI,NL,-0.4,18,50,43,2,5,1,0,0,1,0,1,6,17,0.116,0.240,0.140,0.380,7,0.204,21,6,0,1,0,0,0,3/5D,,lambja01
315,Jake Lamb*,29,OAK,AL,0.1,13,49,45,5,12,4,0,3,9,0,0,2,8,0.267,0.327,0.556,0.882,141,0.370,136,25,1,2,0,0,0,5/D,,lambja01
316,Mike Brosseau,26,TBR,AL,1.2,36,98,86,12,26,5,1,5,12,2,0,8,31,0.302,0.378,0.558,0.936,160,0.407,161,48,1,3,0,1,0,35/4H719D,,brossmi01
317,José Martínez,31,2TM,2LG,-0.5,34,98,88,10,16,4,0,2,10,0,0,10,27,0.182,0.265,0.295,0.561,57,0.256,57,26,6,0,0,0,1,DH/3,,martijo08
317,José Martínez,31,TBR,AL,0.2,24,76,67,10,16,4,0,2,10,0,0,9,20,0.239,0.329,0.388,0.717,102,0.322,105,26,5,0,0,0,1,D/H3,,martijo08
317,José Martínez,31,CHC,NL,-0.6,10,22,21,0,0,0,0,0,0,0,0,1,7,0.000,0.045,0.000,0.045,-86,0.032,-107,0,1,0,0,0,0,/DH,,martijo08
318,Abraham Toro#,23,HOU,AL,-0.7,33,97,87,13,13,2,0,3,9,1,1,3,23,0.149,0.237,0.276,0.513,40,0.249,47,24,1,7,0,0,0,5DH/34,,toroab01
319,Ke'Bryan Hayes,23,PIT,NL,1.9,24,95,85,17,32,7,2,5,11,1,0,9,20,0.376,0.442,0.682,1.124,201,0.467,198,58,2,1,0,0,2,5,ROY-6,hayeske01
320,Jorge Bonifacio,27,DET,AL,-0.3,30,94,86,8,19,3,0,2,17,0,0,5,26,0.221,0.277,0.326,0.602,65,0.266,59,28,1,2,0,1,0,79/H,,bonifjo01
321,Giancarlo Stanton,30,NYY,AL,0.6,23,94,76,12,19,7,0,4,11,1,1,15,27,0.250,0.387,0.500,0.887,145,0.387,150,38,4,2,0,0,1,D,,stantmi03
322,Pablo Sandoval#,33,2TM,NL,-0.5,34,94,84,5,18,1,0,1,6,0,0,8,19,0.214,0.287,0.262,0.549,54,0.261,57,22,3,1,0,1,0,DH/35,,sandopa01
322,Pablo Sandoval#,33,SFG,NL,-0.5,33,90,82,5,18,1,0,1,6,0,0,6,18,0.220,0.278,0.268,0.546,52,0.257,55,22,3,1,0,1,0,DH/35,,sandopa01
322,Pablo Sandoval#,33,ATL,NL,0.0,1,4,2,0,0,0,0,0,0,0,0,2,1,0.000,0.500,0.000,0.500,50,0.352,110,0,0,0,0,0,0,/5,,sandopa01
323,Curt Casali,31,CIN,NL,0.5,31,93,76,10,17,3,0,6,8,2,0,14,29,0.224,0.366,0.500,0.866,123,0.376,121,38,2,3,0,0,0,2/HD,,casalcu01
324,Adam Engel,28,CHW,AL,0.7,36,93,88,11,26,5,1,3,12,1,0,3,19,0.295,0.333,0.477,0.811,120,0.366,128,42,1,2,0,0,0,9H/78,,engelad01
325,Óscar Mercado,25,CLE,AL,-0.5,36,93,86,6,11,1,0,1,6,3,0,5,27,0.128,0.174,0.174,0.348,-4,0.177,-10,15,0,0,1,1,0,87/HD,,mercaos01
326,Michael Pérez*,27,TBR,AL,-0.2,38,93,84,7,14,3,0,1,13,0,0,7,27,0.167,0.237,0.238,0.475,35,0.218,32,20,3,1,0,1,0,2/3H,,perezmi03
327,Bobby Dalbec,25,BOS,AL,0.6,23,92,80,13,21,3,0,8,16,0,0,10,39,0.263,0.359,0.600,0.959,149,0.400,146,48,0,2,0,0,0,3/5D,,dalbebo01
328,Adam Haseley*,24,PHI,NL,0.0,40,92,79,7,22,5,0,0,13,0,0,7,17,0.278,0.348,0.342,0.690,88,0.326,98,27,3,2,3,1,1,87/9H,,haselad01
329,Jordan Luplow,26,CLE,AL,-0.1,29,92,78,8,15,5,1,2,8,0,1,12,19,0.192,0.304,0.359,0.663,81,0.288,78,28,3,1,0,1,0,7/9H,,luplojo01
330,Jason Castro*,33,2TM,2LG,-0.2,27,92,80,8,15,9,0,2,9,0,0,12,33,0.188,0.293,0.375,0.668,83,0.294,80,30,2,0,0,0,0,2/H,,castrja01
330,Jason Castro*,33,LAA,AL,0.0,18,62,52,5,10,4,0,2,6,0,0,10,23,0.192,0.323,0.385,0.707,93,0.314,92,20,1,0,0,0,0,2/H,,castrja01
330,Jason Castro*,33,SDP,NL,-0.2,9,30,28,3,5,5,0,0,3,0,0,2,10,0.179,0.233,0.357,0.590,61,0.253,54,10,1,0,0,0,0,/2,,castrja01
331,Josh Harrison,32,WSN,NL,0.3,33,91,79,11,22,2,0,3,14,1,2,6,12,0.278,0.352,0.418,0.769,108,0.329,107,33,2,4,0,2,0,45/HD793,,harrijo05
332,Andrew Knapp#,28,PHI,NL,0.8,33,89,72,9,20,4,1,2,15,0,0,15,19,0.278,0.404,0.444,0.849,130,0.383,137,32,1,1,0,1,0,2/HD3,,knappan01
333,Kevin Plawecki,29,BOS,AL,0.6,24,89,82,8,28,5,1,1,17,1,0,5,14,0.341,0.393,0.463,0.857,128,0.385,133,38,4,2,0,0,0,2/3D1,,plaweke01
334,Phil Ervin,27,2TM,2LG,0.0,37,89,74,10,11,3,0,0,4,1,0,14,22,0.149,0.292,0.189,0.481,35,0.252,45,14,2,1,0,0,0,9H7/8D,,ervinph01
334,Phil Ervin,27,CIN,NL,-0.3,19,42,35,5,3,0,0,0,0,1,0,6,8,0.086,0.238,0.086,0.324,-10,0.205,2,3,1,1,0,0,0,H7/89D,,ervinph01
334,Phil Ervin,27,SEA,AL,0.3,18,47,39,5,8,3,0,0,4,0,0,8,14,0.205,0.340,0.282,0.622,79,0.293,84,11,1,0,0,0,0,9/H,,ervinph01
335,Ronald Guzmán*,25,TEX,AL,0.5,26,86,78,10,19,1,1,4,9,1,0,7,24,0.244,0.314,0.436,0.750,105,0.347,115,34,0,1,0,0,0,3/H,,guzmaro01
336,Myles Straw,25,HOU,AL,-0.5,33,86,82,8,17,4,0,0,8,6,2,4,22,0.207,0.244,0.256,0.500,37,0.237,35,21,0,0,0,0,0,8/HD6,,strawmy01
337,Ryan McBroom,28,KCR,AL,0.0,36,85,81,8,20,3,0,6,10,0,0,4,30,0.247,0.282,0.506,0.789,107,0.341,108,41,2,0,0,0,0,H3/D79,,mcbrory01
338,Mike Ford*,27,NYY,AL,-0.5,29,84,74,5,10,4,0,2,11,0,0,7,16,0.135,0.226,0.270,0.496,38,0.243,47,20,4,2,0,1,0,3H/D,,fordmi01
339,Domingo Santana,27,CLE,AL,-0.3,24,84,70,6,11,3,0,2,12,0,0,13,25,0.157,0.298,0.286,0.583,62,0.271,62,20,2,1,0,0,0,9/7H,,santado01
340,Mike Zunino,29,TBR,AL,-0.1,28,84,75,8,11,4,0,4,10,0,0,6,37,0.147,0.238,0.360,0.598,66,0.261,62,27,0,3,0,0,0,2,,zuninmi01
341,Edwin Ríos*,26,LAD,NL,0.6,32,83,76,13,19,6,0,8,17,0,0,4,18,0.250,0.301,0.645,0.946,147,0.394,146,49,2,2,0,1,0,5/H3D,,riosed01
342,Jose Trevino,27,TEX,AL,0.4,24,83,76,10,19,8,0,2,9,0,0,3,15,0.250,0.280,0.434,0.715,94,0.311,92,33,1,1,1,2,0,2/D3H,,trevijo01
343,Austin Hedges,27,2TM,2LG,-0.1,35,83,69,7,10,1,0,3,6,1,1,6,23,0.145,0.231,0.290,0.521,44,0.230,38,20,3,2,5,1,0,2/DH,,hedgeau01
343,Austin Hedges,27,SDP,NL,0.0,29,71,57,7,9,1,0,3,6,1,1,6,18,0.158,0.258,0.333,0.591,63,0.258,58,19,3,2,5,1,0,2/DH,,hedgeau01
343,Austin Hedges,27,CLE,AL,-0.1,6,12,12,0,1,0,0,0,0,0,0,0,5,0.083,0.083,0.083,0.167,-54,0.075,-75,1,0,0,0,0,0,/2,,hedgeau01
344,Tim Locastro,27,ARI,NL,0.7,33,82,69,15,20,4,1,2,7,4,0,8,14,0.290,0.395,0.464,0.859,133,0.399,142,32,0,4,1,0,0,8H/79D,,locasti01
345,José Osuna,27,PIT,NL,-0.1,26,82,78,6,16,3,0,4,11,0,1,4,16,0.205,0.244,0.397,0.641,71,0.278,70,31,1,0,0,0,0,/3957DH,,osunajo01
346,Dee Strange-Gordon*,32,SEA,AL,-0.5,33,82,75,12,15,1,0,0,3,3,2,5,13,0.200,0.268,0.213,0.482,39,0.231,43,16,1,2,0,0,0,47/H6D,,gordode01
347,Robinson Chirinos,36,2TM,2LG,-0.7,26,82,74,4,12,3,0,1,7,0,0,6,21,0.162,0.232,0.243,0.475,32,0.216,26,18,5,1,0,1,0,2/DH,,chiriro01
347,Robinson Chirinos,36,TEX,AL,-0.7,14,49,42,3,5,1,0,0,2,0,0,5,12,0.119,0.224,0.143,0.367,5,0.185,4,6,3,1,0,1,0,2/DH,,chiriro01
347,Robinson Chirinos,36,NYM,NL,-0.1,12,33,32,1,7,2,0,1,5,0,0,1,9,0.219,0.242,0.375,0.617,67,0.262,58,12,2,0,0,0,0,2,,chiriro01
348,Mitch Garver,29,MIN,AL,0.0,23,81,72,8,12,1,0,2,5,0,0,7,37,0.167,0.247,0.264,0.511,42,0.242,45,19,1,1,0,1,0,2/H3,,garvemi01
349,Sandy León#,31,CLE,AL,-0.1,25,81,66,4,9,1,0,2,4,0,0,14,21,0.136,0.296,0.242,0.539,51,0.258,53,16,2,1,0,0,0,2/HD,,leonsa01
350,Stephen Vogt*,35,ARI,NL,0.0,26,81,72,6,12,5,0,1,7,0,0,8,18,0.167,0.247,0.278,0.525,43,0.248,44,20,1,0,0,1,0,2/H3D,,vogtst01
351,Jonathan Araúz#,21,BOS,AL,-0.1,25,80,72,8,18,2,0,1,9,0,0,8,21,0.250,0.325,0.319,0.644,73,0.293,71,23,0,0,0,0,0,4/56HD,,arauzjo01
352,Tyler Flowers,34,ATL,NL,0.4,22,80,69,5,15,6,0,1,5,0,0,8,34,0.217,0.325,0.348,0.673,78,0.304,77,24,1,3,0,0,0,2,,flowety01
353,Josh VanMeter*,25,2TM,NL,-0.1,26,79,70,9,9,3,0,2,6,1,0,7,24,0.129,0.228,0.257,0.485,29,0.237,31,18,0,2,0,0,0,4/DH35,,vanmejo01
353,Josh VanMeter*,25,CIN,NL,-0.3,14,38,34,3,2,1,0,1,1,1,0,3,16,0.059,0.158,0.176,0.334,-13,0.165,-27,6,0,1,0,0,0,/4DH3,,vanmejo01
353,Josh VanMeter*,25,ARI,NL,0.3,12,41,36,6,7,2,0,1,5,0,0,4,8,0.194,0.293,0.333,0.626,70,0.304,84,12,0,1,0,0,0,4/5H,,vanmejo01
354,Nick Senzel,25,CIN,NL,-0.2,23,78,70,8,13,6,0,2,8,2,1,6,15,0.186,0.247,0.357,0.604,55,0.259,42,25,2,0,0,1,0,8/H,,senzeni01
355,Luis Torrens,24,2TM,2LG,-0.1,25,78,70,5,18,5,0,1,6,0,0,7,15,0.257,0.325,0.371,0.696,96,0.308,94,26,1,0,1,0,0,2/HD,,torrelu01
355,Luis Torrens,24,SDP,NL,-0.1,7,13,11,0,3,1,0,0,0,0,0,1,2,0.273,0.333,0.364,0.697,95,0.312,95,4,0,0,1,0,0,/2,,torrelu01
355,Luis Torrens,24,SEA,AL,0.0,18,65,59,5,15,4,0,1,6,0,0,6,13,0.254,0.323,0.373,0.696,96,0.308,94,22,1,0,0,0,0,2/HD,,torrelu01
356,Anderson Tejeda#,22,TEX,AL,0.4,23,77,75,7,19,4,1,3,8,4,1,2,30,0.253,0.273,0.453,0.726,96,0.312,89,34,2,0,0,0,0,6/4D,,tejedan01
357,Andrew Velazquez#,25,BAL,AL,0.2,40,77,63,11,10,1,1,0,3,4,2,10,23,0.159,0.274,0.206,0.480,34,0.237,34,13,2,0,4,0,0,6H/784,,velazan01
358,Randy Arozarena,25,TBR,AL,0.9,23,76,64,15,18,2,0,7,11,4,0,6,22,0.281,0.382,0.641,1.022,182,0.433,174,41,2,5,0,1,0,7/DH98,,arozara01
359,Nathaniel Lowe*,24,TBR,AL,0.3,21,76,67,10,15,2,0,4,11,1,0,9,28,0.224,0.316,0.433,0.749,109,0.319,100,29,2,0,0,0,2,3/D5H,,lowena01
360,Derek Dietrich*,30,TEX,AL,0.2,25,75,61,9,12,1,0,5,8,1,1,9,21,0.197,0.347,0.459,0.806,121,0.359,128,28,4,5,0,0,0,/D3H45,,dietrde01
361,Elias Díaz,29,COL,NL,0.0,26,73,68,4,16,2,0,2,9,0,0,5,15,0.235,0.288,0.353,0.641,63,0.295,64,24,4,0,0,0,0,2/HD,,diazel01
362,Dwight Smith Jr.*,27,BAL,AL,-0.5,21,72,63,9,14,3,0,2,6,1,0,7,19,0.222,0.306,0.365,0.671,82,0.290,71,23,1,1,0,1,1,7/DH,,smithdw02
363,Greg Garcia*,30,SDP,NL,-0.2,35,71,60,6,12,3,0,0,11,1,0,7,18,0.200,0.279,0.250,0.529,50,0.247,45,15,0,0,3,1,0,H45D,,garcigr01
364,Vimael Machín*,26,OAK,AL,-0.4,24,71,63,11,13,2,0,0,0,0,0,8,10,0.206,0.296,0.238,0.534,53,0.265,63,15,4,0,0,0,0,5/6D43H,,machivi01
365,Kyle Farmer,29,CIN,NL,0.4,32,70,64,4,17,3,0,0,4,1,0,5,13,0.266,0.329,0.313,0.641,69,0.307,74,20,0,1,0,0,0,64/573H,,farmeky01
366,Josh Rojas*,26,ARI,NL,-0.3,17,70,61,9,11,0,0,0,2,1,1,7,16,0.180,0.257,0.180,0.437,22,0.217,26,11,1,0,0,2,0,/4D67H,,rojasjo01
367,Gavin Lux*,22,LAD,NL,0.6,19,69,63,8,11,2,0,3,8,1,0,6,19,0.175,0.246,0.349,0.596,59,0.276,61,22,0,0,0,0,0,4/D,,luxga01
368,JT Riddle*,28,PIT,NL,-0.8,23,69,67,8,10,2,0,1,1,1,0,2,13,0.149,0.174,0.224,0.398,8,0.204,13,15,0,0,0,0,0,5/6789H34,,riddljt01
369,Jose Barrero,22,CIN,NL,-0.7,24,68,67,4,13,0,0,0,2,1,1,1,26,0.194,0.206,0.194,0.400,6,0.174,-13,13,1,0,0,0,0,6/HD,,garcijo02
370,Luis Guillorme*,25,NYM,NL,0.7,29,68,57,6,19,6,0,0,9,2,0,10,17,0.333,0.426,0.439,0.865,140,0.390,143,25,3,0,0,1,0,4/H561,,guilllu01
371,Jeff Mathis,37,TEX,AL,0.5,24,68,62,6,10,1,1,3,9,1,0,5,24,0.161,0.221,0.355,0.575,56,0.249,46,22,0,0,0,1,0,2/H,,mathije01
372,Santiago Espinal,25,TOR,AL,0.4,26,66,60,10,16,4,0,0,6,1,0,4,16,0.267,0.308,0.333,0.641,77,0.301,81,20,1,0,1,1,0,6/H15,,espinsa01
373,Jarrod Dyson*,35,2TM,2LG,-0.8,32,66,61,9,11,0,0,0,5,6,0,4,11,0.180,0.231,0.180,0.411,15,0.214,7,11,0,0,1,0,0,8/H7D9,,dysonja01
373,Jarrod Dyson*,35,PIT,NL,-0.6,21,55,51,6,8,0,0,0,5,4,0,4,10,0.157,0.218,0.157,0.375,5,0.196,-2,8,0,0,0,0,0,8/H,,dysonja01
373,Jarrod Dyson*,35,CHW,AL,-0.2,11,11,10,3,3,0,0,0,0,2,0,0,1,0.300,0.300,0.300,0.600,67,0.317,59,3,0,0,1,0,0,/7H8D9,,dysonja01
374,Miguel Andujar,25,NYY,AL,-0.4,21,65,62,5,15,2,1,1,5,0,0,3,9,0.242,0.277,0.355,0.632,75,0.287,77,22,1,0,0,0,0,/7D5H,,andujmi01
375,Bubba Starling,27,KCR,AL,-0.7,35,64,59,5,10,1,0,1,5,0,0,4,27,0.169,0.219,0.237,0.456,24,0.219,23,14,0,0,0,1,0,8/HD79,,starlbu01
376,Chadwick Tromp,25,SFG,NL,-0.2,24,64,61,11,13,1,0,4,10,0,0,1,20,0.213,0.219,0.426,0.645,72,0.278,69,26,3,0,0,2,0,2/DH,,trompch01
377,Starlin Castro,30,WSN,NL,0.3,16,63,60,9,16,3,1,2,4,0,0,3,13,0.267,0.302,0.450,0.752,100,0.335,105,27,0,0,0,0,0,4,,castrst01
378,Leury García#,29,CHW,AL,0.6,16,63,59,6,16,1,0,3,8,0,0,4,9,0.271,0.317,0.441,0.758,106,0.340,111,26,0,0,0,0,0,6/49H,,garcile02
379,Adeiny Hechavarría,31,ATL,NL,-0.2,27,63,59,7,15,3,0,0,2,0,0,4,12,0.254,0.302,0.305,0.607,61,0.285,63,18,1,0,0,0,0,4/56HD,,hechaad01
380,John Ryan Murphy,29,PIT,NL,-0.3,25,63,58,6,10,2,0,0,2,0,0,4,28,0.172,0.226,0.207,0.433,20,0.200,11,12,1,0,1,0,0,2/1H,,murphjr01
381,Danny Santana#,29,TEX,AL,-0.1,15,63,55,6,8,4,0,1,7,2,0,7,24,0.145,0.238,0.273,0.511,41,0.238,36,15,1,0,0,1,0,/38D7H,,santada01
382,Alex Avila*,33,MIN,AL,0.4,23,62,49,6,9,2,0,1,2,0,0,11,22,0.184,0.355,0.286,0.641,82,0.305,88,14,2,2,0,0,0,2/DH,,avilaal01
383,Francisco Cervelli,34,MIA,NL,0.8,16,62,53,10,13,2,0,3,7,1,0,8,14,0.245,0.355,0.453,0.808,117,0.401,147,24,3,1,0,0,0,2,,cervefr01
384,Jazz Chisholm Jr.*,22,MIA,NL,-0.1,21,62,56,8,9,1,1,2,6,2,2,5,19,0.161,0.242,0.321,0.563,51,0.255,55,18,0,1,0,0,0,4/6H,,chishja01
385,Ryan Jeffers,23,MIN,AL,0.3,26,62,55,5,15,0,0,3,7,0,0,5,19,0.273,0.355,0.436,0.791,119,0.362,129,24,0,2,0,0,0,2/DH,,jeffery01
386,Jace Peterson*,30,MIL,NL,0.1,26,61,45,6,9,1,0,2,5,1,0,15,20,0.200,0.393,0.356,0.749,104,0.346,106,16,0,0,0,1,0,9/H3574,,peterja01
387,Chad Pinder,28,OAK,AL,0.0,24,61,56,8,13,3,0,2,8,0,0,5,13,0.232,0.295,0.393,0.688,91,0.299,87,22,3,0,0,0,0,4/H579D,,pindech01
388,Anthony Bemboom*,30,LAA,AL,0.4,21,60,48,9,10,1,0,3,5,0,1,7,13,0.208,0.328,0.417,0.744,103,0.314,98,20,0,2,2,1,0,2/1H,,bemboan01
389,Cam Gallagher,27,KCR,AL,0.5,25,60,53,10,15,5,0,1,3,0,0,6,11,0.283,0.356,0.434,0.790,113,0.346,112,23,0,0,1,0,0,2,,gallaca01
390,Daz Cameron,23,DET,AL,-0.5,17,59,57,4,11,2,1,0,3,1,0,2,19,0.193,0.220,0.263,0.483,33,0.230,31,15,1,0,0,0,0,9/H,,camerda01
391,Aledmys Díaz,29,HOU,AL,0.1,17,59,58,8,14,5,0,3,6,0,0,1,12,0.241,0.254,0.483,0.737,95,0.308,87,28,1,0,0,0,0,4/53D7H,,diazal02
392,Brett Phillips*,26,2TM,AL,0.3,35,59,51,10,10,0,2,2,5,6,1,8,15,0.196,0.305,0.392,0.697,91,0.335,97,20,0,0,0,0,0,89/7HD,,phillbr02
392,Brett Phillips*,26,KCR,AL,0.0,18,34,31,8,7,0,1,1,2,3,1,3,8,0.226,0.294,0.387,0.681,83,0.327,94,12,0,0,0,0,0,8/H79D,,phillbr02
392,Brett Phillips*,26,TBR,AL,0.3,17,25,20,2,3,0,1,1,3,3,0,5,7,0.150,0.320,0.400,0.720,102,0.345,102,8,0,0,0,0,0,/987HD,,phillbr02
393,Jon Jay*,35,ARI,NL,-0.5,18,57,50,5,8,1,0,1,4,0,0,3,12,0.160,0.211,0.240,0.451,22,0.201,12,12,0,1,0,3,0,/987DH,,jayjo02
394,Tzu-Wei Lin*,26,BOS,AL,-0.5,26,57,52,2,8,1,0,0,3,0,0,2,17,0.154,0.182,0.173,0.355,-4,0.175,-16,9,1,0,2,1,0,6/4H79812D,,lintz02
395,Aristides Aquino,26,CIN,NL,-0.1,23,56,47,7,8,1,0,2,8,1,0,6,18,0.170,0.304,0.319,0.623,63,0.308,74,15,1,3,0,0,0,7/H9D8,,aquinar01
396,Hunter Pence,37,SFG,NL,-0.5,17,56,52,4,5,0,1,2,6,0,0,3,15,0.096,0.161,0.250,0.411,11,0.181,2,13,3,1,0,0,0,/D79H,,pencehu01
397,Chris Davis*,34,BAL,AL,-1.0,16,55,52,3,6,3,0,0,1,0,0,3,17,0.115,0.164,0.173,0.337,-8,0.153,-23,9,0,0,0,0,0,3/H,,davisch02
398,Grayson Greiner,27,DET,AL,-0.3,18,55,51,8,6,2,0,3,8,0,0,3,20,0.118,0.182,0.333,0.515,38,0.220,28,17,2,1,0,0,0,2,,greingr01
399,Christian Arroyo,25,2TM,AL,0.2,15,54,50,7,12,1,0,3,8,0,0,4,11,0.240,0.296,0.440,0.736,93,0.314,86,22,2,0,0,0,0,4/65,,arroych01
399,Christian Arroyo,25,CLE,AL,0.0,1,0,0,0,0,0,0,0,0,0,0,0,0,,,,,,,,0,0,0,0,0,0,/5,,arroych01
399,Christian Arroyo,25,BOS,AL,0.2,14,54,50,7,12,1,0,3,8,0,0,4,11,0.240,0.296,0.440,0.736,93,0.314,86,22,2,0,0,0,0,4/6,,arroych01
400,Matt Beaty*,27,LAD,NL,-0.4,21,54,50,8,11,1,0,2,5,0,0,2,14,0.220,0.278,0.360,0.638,72,0.277,65,18,3,2,0,0,0,3/DH7,,beatyma01
401,Harold Castro*,26,DET,AL,0.4,22,54,49,6,17,4,0,0,3,0,0,5,11,0.347,0.407,0.429,0.836,131,0.370,132,21,1,0,0,0,0,/H7593468D,,castrha01
402,Sam Haggerty#,26,SEA,AL,0.2,13,54,50,7,13,4,0,1,6,4,0,4,16,0.260,0.315,0.400,0.715,100,0.347,109,20,0,0,0,0,0,7/59D,,haggesa01
403,Scott Heineman,27,TEX,AL,-0.3,24,54,52,6,8,3,0,1,7,3,0,2,11,0.154,0.185,0.269,0.454,24,0.209,12,14,1,0,0,0,0,8/H7D39,,heinesc01
404,Jacob Nottingham,25,MIL,NL,0.5,20,54,48,8,9,1,0,4,13,0,0,5,20,0.188,0.278,0.458,0.736,93,0.327,96,22,1,1,0,0,0,2/H,,nottija01
405,Ildemaro Vargas#,28,3TM,2LG,-0.5,24,54,51,6,10,1,1,1,3,0,0,2,10,0.196,0.222,0.314,0.536,45,0.227,32,16,2,0,0,1,0,4/H35,,vargail01
405,Ildemaro Vargas#,28,2TM,NL,-0.3,14,30,29,3,5,0,0,1,1,0,0,1,8,0.172,0.200,0.276,0.476,27,0.206,15,8,1,0,0,0,0,/43H5,,vargail01
405,Ildemaro Vargas#,28,ARI,NL,-0.4,8,21,20,2,3,0,0,0,0,0,0,1,5,0.150,0.190,0.150,0.340,-5,0.158,-18,3,1,0,0,0,0,/34H5,,vargail01
405,Ildemaro Vargas#,28,MIN,AL,-0.2,10,24,22,3,5,1,1,0,2,0,0,1,2,0.227,0.250,0.364,0.614,68,0.254,53,8,1,0,0,1,0,/4H5,,vargail01
405,Ildemaro Vargas#,28,CHC,NL,0.0,6,9,9,1,2,0,0,1,1,0,0,0,3,0.222,0.222,0.556,0.778,100,0.318,92,5,0,0,0,0,0,/4H5,,vargail01
406,Magneuris Sierra*,24,MIA,NL,0.4,19,53,44,8,11,3,1,0,7,4,1,5,9,0.250,0.333,0.364,0.697,89,0.331,95,16,0,1,2,1,0,8/79HD,,sierrma01
407,Andrew Benintendi*,25,BOS,AL,-0.1,14,52,39,4,4,1,0,0,1,1,2,11,17,0.103,0.314,0.128,0.442,25,0.239,43,5,1,1,1,0,0,7/H,,beninan01
408,C.J. Cron,30,DET,AL,0.3,13,52,42,9,8,3,0,4,8,0,0,9,16,0.190,0.346,0.548,0.894,141,0.374,135,23,2,1,0,0,0,3,,croncj01
409,Thairo Estrada,24,NYY,AL,-0.1,26,52,48,8,8,0,0,1,3,1,0,1,19,0.167,0.231,0.229,0.460,29,0.236,39,11,0,3,0,0,0,4/5H6,,estrath01
410,Eli White,26,TEX,AL,-0.3,19,52,48,5,9,2,0,0,3,1,1,3,16,0.188,0.231,0.229,0.460,28,0.203,21,11,0,0,0,1,0,7/9H8D,,whiteel04
411,Matt Adams*,31,ATL,NL,-0.4,16,51,49,4,9,2,0,2,9,0,0,2,18,0.184,0.216,0.347,0.563,45,0.257,44,17,3,0,0,0,0,D/H3,,adamsma01
412,Monte Harrison,24,MIA,NL,-0.2,32,51,47,8,8,1,0,1,3,6,0,4,26,0.170,0.235,0.255,0.491,33,0.246,23,12,0,0,0,0,0,89H,,harrimo01
413,Tyler Heineman#,29,SFG,NL,0.1,15,50,42,3,8,1,0,0,1,1,0,4,6,0.190,0.292,0.214,0.506,44,0.249,44,9,0,2,2,0,0,2/1,,heinety01
414,Bradley Zimmer*,27,CLE,AL,0.1,20,50,37,3,6,0,0,1,3,2,1,7,14,0.162,0.360,0.243,0.603,71,0.295,80,9,2,5,0,1,0,/789H,,zimmebr01
415,Brandon Drury,27,TOR,AL,-0.9,21,49,46,3,7,1,0,0,1,0,0,2,9,0.152,0.184,0.174,0.358,0,0.162,-13,8,0,0,0,1,0,5/46H,,drurybr01
416,Kyle Higashioka,30,NYY,AL,0.4,16,48,48,7,12,1,0,4,10,0,0,0,11,0.250,0.250,0.521,0.771,107,0.319,100,25,0,0,0,0,0,2/HD,,higasky01
417,Chad Wallach,28,MIA,NL,0.2,15,48,44,4,10,3,0,1,6,0,0,3,12,0.227,0.277,0.364,0.640,71,0.296,76,16,1,0,1,0,0,2/H,,wallach01
418,Matt Davidson,29,CIN,NL,-0.3,20,47,43,3,7,1,0,3,11,0,0,4,13,0.163,0.234,0.395,0.629,60,0.269,50,17,2,0,0,0,0,DH/13,,davidma02
419,Jack Mayfield,29,HOU,AL,-0.2,21,47,42,5,8,1,0,0,3,0,0,2,14,0.190,0.239,0.214,0.453,26,0.210,16,9,1,1,1,1,0,/564HD,,mayfija01
420,Mallex Smith*,27,SEA,AL,-0.5,14,47,45,2,6,2,0,0,3,2,0,2,13,0.133,0.170,0.178,0.348,-2,0.184,1,8,1,0,0,0,0,9/8,,smithma05
421,Andrew Stevenson*,26,WSN,NL,0.8,15,47,41,11,15,7,1,2,12,2,0,5,11,0.366,0.447,0.732,1.179,212,0.495,209,30,0,1,0,0,0,/79H8,,stevean01
422,Dustin Garneau,32,HOU,AL,-0.4,17,46,38,4,6,0,1,1,4,0,0,6,15,0.158,0.273,0.289,0.562,54,0.255,48,11,1,0,2,0,0,2/H,,garnedu01
423,Phillip Evans,27,PIT,NL,0.0,11,45,39,6,14,2,0,1,9,0,1,5,7,0.359,0.444,0.487,0.932,155,0.395,156,19,1,1,0,0,0,/5379,,evansph01
424,Reese McGuire*,25,TOR,AL,-0.4,19,45,41,2,3,0,0,1,1,0,0,0,11,0.073,0.073,0.146,0.220,-42,0.112,-63,6,1,0,4,0,0,2/H,,mcguire01
425,Yairo Muñoz,25,BOS,AL,0.6,12,45,45,6,15,5,0,1,4,2,0,0,11,0.333,0.333,0.511,0.844,121,0.369,117,23,1,0,0,0,0,/79D,,munozya01
426,Manny Piña,33,MIL,NL,0.6,15,45,39,4,9,1,0,2,5,0,0,3,11,0.231,0.333,0.410,0.744,98,0.330,99,16,0,3,0,0,0,2/H,,pinama01
427,Joseph Odom,28,SEA,AL,-0.2,18,44,39,2,5,0,0,0,2,0,0,4,20,0.128,0.209,0.128,0.338,-1,0.209,23,5,1,0,1,0,0,2/H,,odomjo01
428,Chris Owings,28,COL,NL,0.2,17,44,41,9,11,1,0,2,5,1,0,3,11,0.268,0.318,0.439,0.757,91,0.332,86,18,0,0,0,0,0,/4H57896,,owingch01
429,Pavin Smith*,24,ARI,NL,0.2,12,44,37,7,10,0,1,1,4,1,0,5,8,0.270,0.341,0.405,0.746,102,0.322,92,15,0,0,0,2,0,/379D,,smithpa04
430,LaMonte Wade Jr.*,26,MIN,AL,0.0,16,44,39,3,9,3,0,0,1,1,1,4,9,0.231,0.318,0.308,0.626,76,0.276,73,12,0,1,0,0,0,/38H79D,,wadela01
431,Drew Butera,36,COL,NL,-0.2,28,43,39,4,6,2,0,0,4,0,0,2,11,0.154,0.190,0.205,0.396,2,0.197,-7,8,3,0,1,1,0,2/31,,buterdr01
432,Mike Freeman*,32,CLE,AL,-0.1,24,43,38,5,9,3,0,0,3,0,0,3,11,0.237,0.302,0.316,0.618,70,0.275,65,12,0,1,0,1,0,H/5476D3,,freemmi01
433,Franchy Cordero*,25,KCR,AL,0.0,16,42,38,7,8,3,0,2,7,1,0,4,4,0.211,0.286,0.447,0.733,94,0.316,87,17,1,0,0,0,0,/98HD7,,cordefr02
434,Francisco Mejia#,24,SDP,NL,-0.3,17,42,39,5,3,1,0,1,2,0,0,1,9,0.077,0.143,0.179,0.322,-11,0.149,-18,7,1,2,0,0,0,2/H,,mejiafr01
435,Eddy Alvarez*,30,MIA,NL,0.0,12,41,37,6,7,1,0,0,2,2,0,3,16,0.189,0.268,0.216,0.485,34,0.258,42,8,0,1,0,0,0,/45H6,,alvared01
436,Lewin Díaz*,23,MIA,NL,-0.3,14,41,39,2,6,2,0,0,3,0,0,2,12,0.154,0.195,0.205,0.400,9,0.182,-2,8,2,0,0,0,0,3/HD,,diazle01
437,Jonah Heim#,25,OAK,AL,0.1,13,41,38,5,8,0,0,0,5,0,0,3,3,0.211,0.268,0.211,0.479,37,0.224,34,8,1,0,0,0,0,2/DH,,heimjo01
438,Rangel Ravelo,28,STL,NL,-0.2,13,41,35,5,6,1,0,1,6,0,0,4,6,0.171,0.244,0.286,0.530,47,0.232,39,10,0,0,0,2,0,/D93H7,,ravelra01
439,Tyrone Taylor,26,MIL,NL,0.2,22,41,38,6,9,4,0,2,6,0,0,2,8,0.237,0.293,0.500,0.793,107,0.332,100,19,1,1,0,0,0,9/8H7,,tayloty01
440,Neil Walker#,34,PHI,NL,-0.1,18,41,39,5,9,3,0,0,3,0,0,1,13,0.231,0.244,0.308,0.552,48,0.239,37,12,0,0,0,1,0,/4HD3517,,walkene01
441,Matt Wieters#,34,STL,NL,0.0,19,41,35,3,7,1,0,0,4,0,0,3,10,0.200,0.300,0.229,0.529,50,0.253,52,8,1,2,1,0,0,2/H,,wietema01
442,Lane Thomas,24,STL,NL,-0.2,18,40,36,5,4,2,0,1,2,0,0,4,13,0.111,0.200,0.250,0.450,24,0.204,19,9,1,0,0,0,0,9/8H,,thomala02
443,Derek Fisher*,26,TOR,AL,-0.4,16,39,31,5,7,2,1,1,7,0,1,7,11,0.226,0.359,0.452,0.811,122,0.333,115,14,0,0,0,1,0,9/7HD,,fishede01
444,Logan Forsythe,33,MIA,NL,-0.3,12,38,34,2,4,1,0,1,2,0,0,4,12,0.118,0.211,0.235,0.446,21,0.203,12,8,0,0,0,0,0,/43D1,,forsylo01
445,Kevan Smith,32,TBR,AL,0.3,17,38,31,3,8,3,0,1,8,0,0,5,11,0.258,0.378,0.452,0.830,134,0.362,134,14,1,1,0,0,0,2/HD,,smithke04
446,Steven Duggar*,26,SFG,NL,-0.4,21,36,34,3,6,2,0,0,3,1,0,1,11,0.176,0.222,0.235,0.458,27,0.212,20,8,1,1,0,0,0,7/98H,,duggast01
447,Mark Mathias,25,MIL,NL,0.1,16,36,36,2,10,3,0,0,4,1,0,0,7,0.278,0.278,0.361,0.639,70,0.329,93,13,0,0,0,0,0,/9H7D348,,mathima01
448,Billy Hamilton,29,2TM,NL,0.0,31,36,32,10,4,0,0,1,2,6,2,2,7,0.125,0.171,0.219,0.390,6,0.184,-9,7,0,0,1,1,0,8H/D,,hamilbi02
448,Billy Hamilton,29,NYM,NL,-0.1,17,25,22,4,1,0,0,0,1,3,1,1,3,0.045,0.083,0.045,0.129,-63,0.075,-84,1,0,0,1,1,0,8/HD,,hamilbi02
448,Billy Hamilton,29,CHC,NL,0.2,14,11,10,6,3,0,0,1,1,3,1,1,4,0.300,0.364,0.600,0.964,154,0.423,154,6,0,0,0,0,0,8/HD,,hamilbi02
449,Guillermo Heredia,29,2TM,NL,0.1,15,36,33,6,7,0,0,2,5,1,0,3,9,0.212,0.278,0.394,0.672,82,0.299,78,13,0,0,0,0,0,/89H,,heredgu01
449,Guillermo Heredia,29,PIT,NL,0.0,8,18,16,2,3,0,0,0,2,1,0,2,4,0.188,0.278,0.188,0.465,31,0.241,32,3,0,0,0,0,0,/98H,,heredgu01
449,Guillermo Heredia,29,NYM,NL,0.1,7,18,17,4,4,0,0,2,3,0,0,1,5,0.235,0.278,0.588,0.866,130,0.357,124,10,0,0,0,0,0,/8H,,heredgu01
450,Albert Almora,26,CHC,NL,-0.1,28,34,30,4,5,1,0,0,1,0,0,3,9,0.167,0.265,0.200,0.465,29,0.223,26,6,0,1,0,0,0,8/H,,almoral01
451,Braden Bishop,26,SEA,AL,0.1,12,34,30,2,5,2,0,0,4,1,0,2,10,0.167,0.242,0.233,0.476,35,0.255,51,7,0,1,1,0,0,/987,,bishobr01
452,Yoenis Céspedes,34,NYM,NL,-0.1,8,34,31,3,5,1,0,2,4,0,0,2,15,0.161,0.235,0.387,0.622,68,0.294,81,12,1,1,0,0,0,/D,,cespeyo01
453,Jonathan Davis,28,TOR,AL,0.4,13,34,27,4,7,2,0,1,6,1,0,3,11,0.259,0.364,0.444,0.808,121,0.358,120,12,1,2,0,1,0,/987H,,davisjo05
454,Jake Marisnick,29,NYM,NL,0.2,16,34,33,4,11,3,0,2,5,0,0,1,10,0.333,0.353,0.606,0.959,158,0.419,168,20,0,0,0,0,0,8/H,,marisja01
455,Rob Refsnyder,29,TEX,AL,0.0,15,34,30,4,6,1,0,0,1,0,0,2,11,0.200,0.265,0.233,0.498,40,0.228,34,7,0,1,0,1,0,/D3H97,,refsnro01
456,Andrew Young,26,ARI,NL,-0.1,12,34,26,3,5,2,0,1,4,0,0,5,10,0.192,0.382,0.385,0.767,110,0.352,116,10,0,3,0,0,0,/4D5H7,,youngan02
457,Travis Demeritte,25,DET,AL,0.0,18,33,29,5,5,1,0,0,4,0,0,3,14,0.172,0.273,0.207,0.480,36,0.232,36,6,0,1,0,0,0,9/HD71,,demertr01
458,Bryan Holaday,32,BAL,AL,-0.3,20,33,31,5,5,1,0,0,4,0,0,2,9,0.161,0.212,0.194,0.406,12,0.210,17,6,1,0,0,0,0,2/H3D1,,holadbr01
459,Sam Huff,22,TEX,AL,0.5,10,33,31,5,11,3,0,3,4,0,0,2,11,0.355,0.394,0.742,1.136,204,0.470,203,23,0,0,0,0,0,2,,huffsa01
460,Wyatt Mathisen,26,ARI,NL,0.2,9,33,27,5,6,0,0,2,5,0,0,5,12,0.222,0.364,0.444,0.808,118,0.354,118,12,0,1,0,0,0,/5DH,,mathiwy01
461,Austin Allen*,26,OAK,AL,-0.2,14,32,31,1,6,1,0,1,3,0,0,1,14,0.194,0.219,0.323,0.541,49,0.234,42,10,0,0,0,0,0,2,,allenau01
462,Greg Allen#,27,2TM,2LG,0.1,16,32,26,4,4,1,0,1,4,2,0,3,10,0.154,0.281,0.308,0.589,62,0.283,61,8,0,2,0,1,0,7/8H9,,allengr01
462,Greg Allen#,27,CLE,AL,0.0,15,28,25,3,4,1,0,1,4,1,0,1,9,0.160,0.214,0.320,0.534,44,0.238,33,8,0,1,0,1,0,7/8H,,allengr01
462,Greg Allen#,27,SDP,NL,0.1,1,4,1,1,0,0,0,0,0,1,0,2,1,0.000,0.750,0.000,0.750,138,0.594,253,0,0,1,0,0,0,/79,,allengr01
463,Steven Souza Jr.,31,CHC,NL,0.0,11,31,27,3,4,2,0,1,5,1,0,4,15,0.148,0.258,0.333,0.591,58,0.267,52,9,0,0,0,0,0,/97HD,,souzast01
464,Erik Kratz,40,NYY,AL,0.4,16,30,28,2,9,2,0,0,4,0,0,2,6,0.321,0.367,0.393,0.760,113,0.338,113,11,0,0,0,0,0,2/31,,kratzer01
465,Jake Fraley*,25,SEA,AL,0.0,7,29,26,3,4,1,1,0,0,2,1,2,11,0.154,0.241,0.269,0.511,44,0.227,39,7,0,1,0,0,0,/97,,fraleja01
466,Jesús Sánchez*,22,MIA,NL,-0.5,10,29,25,1,1,1,0,0,2,0,0,4,11,0.040,0.172,0.080,0.252,-28,0.140,-32,2,1,0,0,0,0,9/H,,sanchje02
467,Anthony Alford,25,2TM,2LG,-0.2,18,29,28,5,6,0,1,2,7,3,0,1,8,0.214,0.241,0.500,0.741,96,0.324,83,14,0,0,0,0,0,/78HD9,,alforan01
467,Anthony Alford,25,TOR,AL,-0.2,13,16,16,3,3,0,0,1,3,3,0,0,7,0.188,0.188,0.375,0.563,49,0.268,30,6,0,0,0,0,0,/7H8D9,,alforan01
467,Anthony Alford,25,PIT,NL,-0.1,5,13,12,2,3,0,1,1,4,0,0,1,1,0.250,0.308,0.667,0.974,155,0.393,147,8,0,0,0,0,0,/87H,,alforan01
468,Yadiel Hernández*,32,WSN,NL,-0.1,12,28,26,3,5,3,0,1,6,0,0,1,12,0.192,0.214,0.423,0.637,67,0.260,52,11,0,0,0,1,0,/DH9,,hernaya01
469,Jorge Mateo,25,SDP,NL,-0.4,22,28,26,4,4,3,0,0,2,1,0,1,11,0.154,0.185,0.269,0.454,25,0.205,12,7,1,0,1,0,0,H/4D798,,mateojo01
470,Logan Morrison*,32,MIL,NL,-0.2,9,28,25,3,3,1,0,1,2,0,0,3,8,0.120,0.214,0.280,0.494,31,0.222,23,7,0,0,0,0,0,/DH3,,morrilo01
471,Franklin Barreto,24,2TM,AL,-0.5,21,28,27,5,2,0,0,0,2,1,0,0,15,0.074,0.107,0.074,0.181,-48,0.099,-63,2,0,1,0,0,0,H/465D7,,barrefr02
471,Franklin Barreto,24,OAK,AL,-0.2,15,10,10,5,0,0,0,0,0,0,0,0,7,0.000,0.000,0.000,0.000,-100,0.000,-123,0,0,0,0,0,0,H/46D,,barrefr02
471,Franklin Barreto,24,LAA,AL,-0.2,6,18,17,0,2,0,0,0,2,1,0,0,8,0.118,0.167,0.118,0.284,-20,0.153,-29,2,0,1,0,0,0,/4567H,,barrefr02
472,Ramón Urías,26,BAL,AL,0.1,10,27,25,3,9,2,0,1,3,0,0,2,6,0.360,0.407,0.560,0.967,160,0.416,161,14,1,0,0,0,0,/64H,,uriasra01
473,Tomás Nido,26,NYM,NL,0.2,7,26,24,4,7,1,0,2,6,0,0,2,6,0.292,0.346,0.583,0.929,150,0.384,143,14,2,0,0,0,0,/2,,nidoto01
474,Alejandro Kirk,21,TOR,AL,0.2,9,25,24,4,9,2,0,1,3,0,0,1,4,0.375,0.400,0.583,0.983,166,0.414,163,14,0,0,0,0,0,/2DH,,kirkal01
475,Matt Thaiss*,25,LAA,AL,-0.3,8,25,21,3,3,0,0,1,1,0,0,4,8,0.143,0.280,0.286,0.566,56,0.263,56,6,1,0,0,0,0,/3D457H,,thaisma01
476,Christian Colón,31,CIN,NL,-0.4,11,24,23,3,3,1,0,0,2,1,0,1,3,0.130,0.167,0.174,0.341,-11,0.162,-31,4,1,0,0,0,0,/4DH3,,colonch01
477,Daniel Robertson,26,SFG,NL,0.1,13,24,21,4,7,0,0,0,2,0,0,3,6,0.333,0.417,0.333,0.750,112,0.347,117,7,0,0,0,0,0,/6457H9D,,roberda10
478,Beau Taylor*,30,CLE,AL,-0.2,7,24,21,1,1,0,0,0,2,0,0,2,9,0.048,0.130,0.048,0.178,-48,0.100,-65,1,0,0,1,0,0,/2,,taylobe11
479,Meibrys Viloria*,23,KCR,AL,-0.2,15,24,21,1,4,1,0,0,0,0,0,2,9,0.190,0.292,0.238,0.530,47,0.244,41,5,0,1,0,0,0,2,,vilorme01
480,Sergio Alcántara#,23,DET,AL,-0.3,10,23,21,2,3,0,1,1,1,0,0,2,4,0.143,0.217,0.381,0.598,60,0.253,51,8,0,0,0,0,0,/45H,,alcanse01
481,Kyle Garlick,28,PHI,NL,-0.4,12,23,22,0,3,1,0,0,3,0,0,0,7,0.136,0.174,0.182,0.356,-3,0.203,12,4,0,1,0,0,0,/79HD,,garliky01
482,Nicky Delmonico*,27,CHW,AL,-0.4,6,22,20,0,3,0,0,0,3,0,0,2,2,0.150,0.227,0.150,0.377,8,0.186,3,3,2,0,0,0,0,/97,,delmoni01
483,Isan Díaz*,24,MIA,NL,-0.3,7,22,22,3,4,0,0,0,1,0,0,0,7,0.182,0.182,0.182,0.364,-1,0.164,-15,4,0,0,0,0,0,/4,,diazis01
484,Taylor Jones,26,HOU,AL,-0.3,7,22,21,3,4,1,0,1,3,0,0,1,7,0.190,0.227,0.381,0.608,62,0.259,53,8,2,0,0,0,0,/D3H,,jonesta01
485,Jordy Mercer,33,2TM,AL,-0.2,9,22,20,2,4,0,0,0,0,0,0,2,2,0.200,0.273,0.200,0.473,35,0.222,31,4,1,0,0,0,0,/635H,,mercejo03
485,Jordy Mercer,33,DET,AL,-0.1,3,9,9,1,2,0,0,0,0,0,0,0,1,0.222,0.222,0.222,0.444,23,0.189,6,2,1,0,0,0,0,/35H,,mercejo03
485,Jordy Mercer,33,NYY,AL,-0.1,6,13,11,1,2,0,0,0,0,0,0,2,1,0.182,0.308,0.182,0.490,42,0.246,48,2,0,0,0,0,0,/6,,mercejo03
486,Sherten Apostel,21,TEX,AL,-0.5,7,21,20,1,2,1,0,0,0,0,0,1,9,0.100,0.143,0.150,0.293,-19,0.135,-31,3,0,0,0,0,0,/35,,apostsh01
487,Lorenzo Cain,34,MIL,NL,0.2,5,21,18,4,6,1,0,0,2,0,0,3,2,0.333,0.429,0.389,0.817,122,0.357,118,7,1,0,0,0,1,/8,,cainlo01
488,Brendan Rodgers,23,COL,NL,-0.5,7,21,21,1,2,1,0,0,2,0,0,0,6,0.095,0.095,0.143,0.238,-40,0.102,-70,3,0,0,0,0,0,/4H6D,,rodgebr02
489,Brent Rooker,25,MIN,AL,0.0,7,21,19,4,6,2,0,1,5,0,0,0,5,0.316,0.381,0.579,0.960,162,0.409,162,11,0,2,0,0,0,/9D7,,rookebr01
490,Yolmer Sánchez#,28,CHW,AL,0.3,11,21,16,7,5,3,0,1,1,0,0,5,5,0.313,0.476,0.688,1.164,216,0.480,209,11,1,0,0,0,0,/5H6D14,,sanchca01
491,Kevin Cron,27,ARI,NL,-0.4,8,20,17,0,0,0,0,0,0,0,0,1,7,0.000,0.150,0.000,0.150,-54,0.109,-53,0,0,2,0,0,0,/DH3,,cronke01
492,Joe Hudson,29,SEA,AL,-0.2,9,20,17,0,3,0,0,0,0,0,0,2,5,0.176,0.263,0.176,0.440,28,0.205,18,3,0,0,1,0,0,/2,,hudsojo03
493,Mark Payton*,28,CIN,NL,-0.2,8,20,18,0,3,1,0,0,0,1,0,2,5,0.167,0.250,0.222,0.472,25,0.234,17,4,1,0,0,0,0,/7HD,,paytoma01
494,Tyler Stephenson,23,CIN,NL,0.3,8,20,17,4,5,0,0,2,6,0,0,2,9,0.294,0.400,0.647,1.047,167,0.438,167,11,0,1,0,0,0,/2DH,,stephty01
495,Eric Haase,27,DET,AL,-0.1,7,19,17,1,3,0,0,0,2,0,0,1,6,0.176,0.211,0.176,0.387,9,0.226,32,3,0,0,0,1,0,/2,,haaseer01
496,Luis Alexander Basabe#,23,SFG,NL,0.1,9,18,14,5,2,0,0,0,1,2,0,4,5,0.143,0.333,0.143,0.476,39,0.333,90,2,0,0,0,0,0,/97H,,basablu01
497,Zack Collins*,25,CHW,AL,-0.2,9,18,16,1,1,1,0,0,0,0,0,2,5,0.063,0.167,0.125,0.292,-17,0.146,-24,2,0,0,0,0,0,/DH23,,colliza01
498,Wilmer Difo#,28,WSN,NL,-0.1,12,18,14,1,1,0,0,0,1,0,0,3,4,0.071,0.222,0.071,0.294,-14,0.167,-11,1,0,0,0,1,0,/46H5D,,difowi01
499,Nick Heath*,26,KCR,AL,0.1,15,18,13,2,2,1,0,0,3,2,2,2,6,0.154,0.313,0.231,0.543,51,0.232,51,3,0,1,1,0,0,/H8D7,,heathni01
500,Mickey Moniak*,22,PHI,NL,0.1,8,18,14,3,3,0,0,0,0,0,0,4,6,0.214,0.389,0.214,0.603,70,0.307,84,3,0,0,0,0,0,/7H9D,,moniami01
501,Josh Phegley,32,CHC,NL,-0.1,11,18,16,4,1,0,0,1,2,0,0,1,3,0.063,0.167,0.250,0.417,11,0.239,37,4,0,1,0,0,0,/DH2,,phegljo01
502,Mason Williams*,28,BAL,AL,-0.3,10,18,18,0,2,0,1,0,0,0,1,0,9,0.111,0.111,0.222,0.333,-13,0.108,-34,4,0,0,0,0,0,/78H9,,willima10
503,Travis Jankowski*,29,CIN,NL,-0.3,16,17,15,3,1,0,0,0,0,2,1,2,7,0.067,0.176,0.067,0.243,-32,0.133,-42,1,1,0,0,0,0,/8H97D,,jankotr01
504,Andrew Knizner,25,STL,NL,-0.1,8,17,16,1,4,1,0,0,4,0,0,0,5,0.250,0.235,0.313,0.548,50,0.231,38,5,2,0,0,1,0,/2HD,,kniznan01
505,Jake Noll,26,WSN,NL,-0.1,7,17,17,2,6,1,0,0,0,0,0,0,4,0.353,0.353,0.412,0.765,107,0.326,99,7,1,0,0,0,0,/3HD5,,nollja01
506,Max Schrock*,25,STL,NL,0.0,11,17,17,1,3,0,0,1,1,0,0,0,6,0.176,0.176,0.353,0.529,42,0.221,31,6,0,0,0,0,0,/4H51D,,schroma01
507,Willians Astudillo,28,MIN,AL,0.0,8,16,16,4,4,1,0,1,3,0,0,0,2,0.250,0.250,0.500,0.750,101,0.313,94,8,0,0,0,0,0,/2H,,astudwi01
508,Brian Dozier,33,NYM,NL,-0.4,7,16,15,1,2,0,0,0,0,0,0,1,5,0.133,0.188,0.133,0.321,-9,0.157,-15,2,1,0,0,0,0,/4DH,,doziebr01
509,Erick Mejia#,25,KCR,AL,-0.4,8,16,14,1,1,1,0,0,0,1,0,0,7,0.071,0.071,0.143,0.214,-44,0.105,-92,2,0,0,1,0,0,/5H74,,mejiaer01
510,Jared Oliva,24,PIT,NL,-0.2,6,16,16,0,3,0,0,0,0,1,0,0,6,0.188,0.188,0.188,0.375,3,0.172,-18,3,0,0,0,0,0,/78H,,olivaja01
511,Jorge Oña,23,SDP,NL,0.2,5,15,12,3,3,1,0,1,2,0,0,2,7,0.250,0.400,0.583,0.983,170,0.476,209,7,0,1,0,0,0,/D9,,onajo01
512,Brandon Dixon,28,DET,AL,-0.1,5,14,13,0,1,1,0,0,2,0,0,1,4,0.077,0.143,0.154,0.297,-18,0.138,-30,2,1,0,0,0,0,/37H4,,dixonbr01
513,Donovan Walton*,26,SEA,AL,-0.1,5,14,13,0,2,1,0,0,3,0,1,1,5,0.154,0.214,0.231,0.445,26,0.166,21,3,1,0,0,0,0,/64,,waltodo01
514,Abraham Almonte#,31,SDP,NL,-0.2,7,13,11,0,1,0,0,0,0,1,1,2,4,0.091,0.231,0.091,0.322,-5,0.156,2,1,0,0,0,0,0,/D7H8,,almonab01
515,Yu Chang,24,CLE,AL,0.1,10,13,11,1,2,0,0,0,1,0,0,2,4,0.182,0.308,0.182,0.490,40,0.238,39,2,2,0,0,0,0,/6H54,,changyu01
516,Daniel Johnson*,24,CLE,AL,-0.3,5,13,12,0,1,0,0,0,0,0,0,1,5,0.083,0.154,0.083,0.237,-32,0.075,-89,1,0,0,0,0,1,/97H,,johnsda07
517,Sean Rodríguez,35,MIA,NL,-0.3,4,13,13,0,2,0,0,0,0,0,0,0,6,0.154,0.154,0.154,0.308,-16,0.124,-42,2,0,0,0,0,0,/47,,rodrise01
518,Jaylin Davis,25,SFG,NL,-0.2,4,12,12,2,2,0,0,1,1,0,0,0,6,0.167,0.167,0.417,0.583,54,0.238,42,5,0,0,0,0,0,/9,,davisja03
519,Kelvin Gutiérrez,25,KCR,AL,-0.1,4,12,9,0,1,0,0,0,0,0,0,3,6,0.111,0.333,0.111,0.444,29,0.250,45,1,0,0,0,0,0,/5DH,,gutieke01
520,Derek Hill,24,DET,AL,-0.2,15,12,11,3,1,0,0,0,0,0,0,1,6,0.091,0.167,0.091,0.258,-26,0.133,-33,1,0,0,0,0,0,8/HD,,hillde01
521,Ryan Lavarnway,32,MIA,NL,0.0,5,11,11,0,4,0,0,0,0,0,0,0,2,0.364,0.364,0.364,0.727,98,0.327,99,4,0,0,0,0,0,/2,,lavarry01
522,Dawel Lugo,25,DET,AL,-0.1,9,11,10,3,2,0,0,0,1,0,0,1,1,0.200,0.273,0.200,0.473,34,0.218,26,2,1,0,0,0,0,/5HD4,,lugoda01
523,Jason Martin*,24,PIT,NL,-0.2,7,11,9,2,0,0,0,0,0,0,0,2,4,0.000,0.182,0.000,0.182,-44,0.128,-38,0,0,0,0,0,0,/8H7,,martija03
524,César Puello,29,BOS,AL,0.2,5,11,8,1,3,0,0,0,0,0,0,2,2,0.375,0.500,0.375,0.875,140,0.409,157,3,0,0,1,0,0,/97,,puellce01
525,Harold Ramírez,25,MIA,NL,-0.1,3,11,10,2,2,0,0,0,1,0,1,1,2,0.200,0.273,0.200,0.473,31,0.181,29,2,0,0,0,0,0,/97,,ramirha02
526,Matt Reynolds,29,KCR,AL,-0.2,3,11,11,1,0,0,0,0,0,0,0,0,7,0.000,0.000,0.000,0.000,-100,0.000,-130,0,0,0,0,0,0,/5,,reynoma03
527,William Contreras,22,ATL,NL,0.1,4,10,10,0,4,1,0,0,1,0,0,0,4,0.400,0.400,0.500,0.900,136,0.393,139,5,0,0,0,0,0,/2,,contrwi02
528,Ryan Goins*,32,CHW,AL,-0.2,14,10,9,4,0,0,0,0,0,0,0,1,1,0.000,0.100,0.000,0.100,-69,0.070,-79,0,0,0,0,0,0,/HD564,,goinsry01
529,Michael Hermosillo,25,LAA,AL,0.0,7,10,8,0,2,0,0,0,2,1,0,1,1,0.250,0.300,0.250,0.550,54,0.264,40,2,0,0,0,1,0,/78H,,hermomi01
530,Joe McCarthy*,26,SFG,NL,-0.4,4,10,10,0,0,0,0,0,0,0,0,0,5,0.000,0.000,0.000,0.000,-100,0.000,-123,0,0,0,0,0,0,/79,,mccarjo04
531,Ali Sánchez,23,NYM,NL,-0.1,5,10,9,0,1,0,0,0,0,0,0,1,3,0.111,0.200,0.111,0.311,-10,0.160,-12,1,2,0,0,0,0,/2,,sanchal04
532,Garrett Stubbs*,27,HOU,AL,-0.2,14,10,8,1,1,0,0,0,1,0,1,0,0,0.125,0.111,0.125,0.236,-35,0.043,-76,1,0,0,1,1,0,/2H7,,stubbga01
533,Yordan Alvarez*,23,HOU,AL,0.1,2,9,8,2,2,0,0,1,4,0,0,0,1,0.250,0.333,0.625,0.958,153,0.400,151,5,1,1,0,0,0,/D,,alvaryo01
534,Caleb Joseph,34,TOR,AL,0.0,3,9,8,2,1,0,0,1,2,0,0,1,1,0.125,0.222,0.500,0.722,90,0.297,81,4,0,0,0,0,0,/2,,josepca01
535,Rafael Marchán#,21,PHI,NL,0.2,3,9,8,3,4,0,0,1,3,0,0,1,2,0.500,0.556,0.875,1.431,279,0.596,286,7,0,0,0,0,0,/2,,marchra01
536,Ryan Cordell,28,NYM,NL,-0.1,5,8,8,0,1,0,0,0,0,1,0,0,3,0.125,0.125,0.125,0.250,-30,0.142,-45,1,0,0,0,0,0,/89H,,cordery01
537,Keibert Ruiz#,21,LAD,NL,0.1,2,8,8,1,2,0,0,1,1,0,0,0,3,0.250,0.250,0.625,0.875,126,0.358,120,5,0,0,0,0,0,/2,,ruizke01
538,Charlie Culberson,31,ATL,NL,-0.1,9,7,7,2,1,1,0,0,1,0,0,0,4,0.143,0.143,0.286,0.429,9,0.176,-11,2,0,0,0,0,0,/H314D,,culbech01
539,Austin Dean,26,STL,NL,0.0,3,7,4,1,1,1,0,0,0,0,0,3,2,0.250,0.571,0.500,1.071,202,0.478,209,2,0,0,0,0,0,/739H,,deanau01
540,Adolis García,27,TEX,AL,0.0,3,7,6,0,0,0,0,0,0,0,0,1,4,0.000,0.143,0.000,0.143,-55,0.100,-55,0,0,0,0,0,0,/7,,garciad02
541,Ryon Healy,28,MIL,NL,-0.1,4,7,7,0,1,0,0,0,0,0,0,0,2,0.143,0.143,0.143,0.286,-23,0.115,-51,1,0,0,0,0,0,/3DH,,healyry01
542,Alex Jackson,24,ATL,NL,0.0,5,7,7,0,2,1,0,0,0,0,0,0,4,0.286,0.286,0.429,0.714,85,0.305,77,3,1,0,0,0,0,/2H,,jacksal02
543,Jahmai Jones,22,LAA,AL,0.1,3,7,7,2,3,0,0,0,1,0,0,0,2,0.429,0.429,0.429,0.857,137,0.513,231,3,0,0,0,0,0,/4H,,jonesja08
544,Zach McKinstry*,25,LAD,NL,0.0,4,7,7,1,2,1,0,0,0,0,0,0,3,0.286,0.286,0.429,0.714,90,0.292,75,3,1,0,0,0,0,/HD49,,mckinza01
545,Nate Orf,30,OAK,AL,-0.3,6,7,7,1,0,0,0,0,0,0,0,0,1,0.000,0.000,0.000,0.000,-100,0.000,-122,0,0,0,0,0,0,/6H4,,orfna01
546,Elliot Soto,30,LAA,AL,0.1,3,7,6,2,2,1,0,0,0,0,0,1,1,0.333,0.429,0.500,0.929,154,0.405,155,3,0,0,0,0,0,/64H,,sotoel01
547,Ronald Torreyes,27,PHI,NL,-0.1,4,7,7,1,1,1,0,0,0,0,0,0,0,0.143,0.143,0.286,0.429,12,0.176,-6,2,1,0,0,0,0,/648,,torrero01
548,José Briceño,27,LAA,AL,0.0,2,6,5,0,1,0,0,0,0,0,0,1,1,0.200,0.333,0.200,0.533,52,0.266,59,1,0,0,0,0,0,/2,,bricejo01
549,Dilson Herrera,26,BAL,AL,0.0,3,6,5,0,0,0,0,0,0,0,0,0,4,0.000,0.167,0.000,0.167,-48,0.121,-44,0,0,1,0,0,0,/38H,,herredi01
550,Hernán Pérez,29,CHC,NL,-0.1,3,6,6,0,1,0,0,0,0,0,0,0,2,0.167,0.167,0.167,0.333,-9,0.150,-26,1,0,0,0,0,0,/347DH,,perezhe01
551,Joey Rickard,29,SFG,NL,-0.1,4,6,5,1,0,0,0,0,0,0,0,1,1,0.000,0.167,0.000,0.167,-48,0.117,-42,0,0,0,0,0,0,/9H,,rickajo01
552,Justin Williams*,24,STL,NL,0.0,3,6,5,0,1,0,0,0,0,0,0,1,2,0.200,0.333,0.200,0.533,54,0.267,64,1,0,0,0,0,0,/9DH,,williju02
553,Seth Brown*,27,OAK,AL,-0.1,7,5,5,0,0,0,0,0,0,0,0,0,2,0.000,0.000,0.000,0.000,-100,0.000,-121,0,0,0,0,0,0,/H3D,,brownse01
554,Brian Navarreto,25,MIA,NL,0.0,2,5,5,0,2,0,0,0,0,0,0,0,1,0.400,0.400,0.400,0.800,118,0.360,121,2,0,0,0,0,0,/2,,navarbr01
555,Brian O'Grady*,28,TBR,AL,0.1,2,5,5,2,2,1,0,0,0,1,0,0,1,0.400,0.400,0.600,1.000,178,0.474,179,3,0,0,0,0,0,/378,,ogradbr01
556,Yadiel Rivera,28,TEX,AL,0.0,4,5,5,0,0,0,0,0,0,1,0,0,1,0.000,0.000,0.000,0.000,-100,0.227,2,0,0,0,0,0,0,/6H34,,riverya01
557,Travis Blankenhorn*,23,MIN,AL,-0.1,1,4,3,0,1,1,0,0,0,0,0,0,0,0.333,0.500,0.667,1.167,221,0.491,218,2,0,1,0,0,0,/4,,blanktr01
558,Luis Campusano,21,SDP,NL,0.1,1,4,3,2,1,0,0,1,1,0,0,0,2,0.333,0.500,1.333,1.833,385,0.673,349,4,0,1,0,0,0,/D,,campulu01
559,Will Craig,25,PIT,NL,-0.1,2,4,4,0,0,0,0,0,0,0,0,0,1,0.000,0.000,0.000,0.000,-100,0.000,-129,0,0,0,0,0,0,/3,,craigwi01
560,Deivy Grullón,24,BOS,AL,-0.1,1,4,3,0,1,0,0,0,1,0,0,1,1,0.333,0.500,0.333,0.833,130,0.399,145,1,0,0,0,0,0,/2,,grullde01
561,Óscar Hernández,26,KCR,AL,0.0,4,4,4,1,2,0,0,0,0,0,0,0,1,0.500,0.500,0.500,1.000,173,0.449,182,2,1,0,0,0,0,/2H,,hernaos01
562,John Nogowski,27,STL,NL,-0.1,1,4,4,0,1,0,0,0,0,0,0,0,1,0.250,0.250,0.250,0.500,40,0.225,33,1,0,0,0,0,0,/3,,nogowjo01
563,Cristian Pache,21,ATL,NL,-0.1,2,4,4,0,1,0,0,0,0,0,0,0,2,0.250,0.250,0.250,0.500,33,0.225,20,1,0,0,0,0,0,/7,,pachecr01
564,René Rivera,36,NYM,NL,0.1,2,4,4,0,1,0,0,0,0,0,0,0,3,0.250,0.250,0.250,0.500,39,0.225,33,1,0,0,0,0,0,/2H,,riverre01
565,Andrew Romine#,34,TEX,AL,0.0,2,4,4,1,1,1,0,0,0,0,0,0,1,0.250,0.250,0.500,0.750,100,0.309,90,2,0,0,0,0,0,/6DH,,rominan01
566,Andrew Susac,30,PIT,NL,0.0,1,4,2,0,0,0,0,0,0,0,0,2,0,0.000,0.500,0.000,0.500,55,0.352,118,0,0,0,0,0,0,/2,,susacan01
567,Emilio Bonifácio#,35,WSN,NL,-0.1,3,3,3,1,0,0,0,0,0,0,1,0,2,0.000,0.000,0.000,0.000,-100,-0.171,-127,0,0,0,0,0,0,/H7,,bonifem01
568,Rob Brantly*,30,SFG,NL,-0.1,1,3,3,0,0,0,0,0,0,0,0,0,0,0.000,0.000,0.000,0.000,-100,0.000,-124,0,0,0,0,0,0,/2,,brantro01
569,Estevan Florial*,22,NYY,AL,0.0,1,3,3,0,1,0,0,0,0,0,0,0,2,0.333,0.333,0.333,0.667,87,0.299,86,1,0,0,0,0,0,/8,,flories01
570,Billy McKinney*,25,TOR,AL,0.1,2,3,3,1,2,0,0,0,0,0,0,0,0,0.667,0.667,0.667,1.333,270,0.598,294,2,0,0,0,0,0,/79H,,mckinbi01
571,Luis González*,24,CHW,AL,0.0,3,2,1,1,0,0,0,0,0,0,0,0,1,0.000,0.500,0.000,0.500,57,0.364,129,0,0,1,0,0,0,/H78D,,gonzalu03
572,Eduardo Núñez,33,NYM,NL,0.0,2,2,2,0,1,0,0,0,0,1,0,0,0,0.500,0.500,0.500,1.000,178,0.521,156,1,0,0,0,0,0,/9DH,,nunezed02
573,Patrick Wisdom,28,CHC,NL,-0.1,2,2,2,0,0,0,0,0,0,0,0,0,0,0.000,0.000,0.000,0.000,-100,0.000,-128,0,0,0,0,0,0,/3H,,wisdopa01
574,Austin Adams,29,SDP,NL,0.0,1,1,1,0,0,0,0,0,0,0,0,0,1,0.000,0.000,0.000,0.000,-100,0.000,-125,0,0,0,0,0,0,/1,,adamsau02
575,Cheslor Cuthbert,27,CHW,AL,0.0,1,1,1,0,0,0,0,0,0,0,0,0,0,0.000,0.000,0.000,0.000,-100,0.000,-125,0,0,0,0,0,0,/5H,,cuthbch01
576,Tim Hill,30,SDP,NL,0.0,1,1,1,0,0,0,0,0,0,0,0,0,1,0.000,0.000,0.000,0.000,-100,0.000,-125,0,0,0,0,0,0,1,,hillti01
577,Michael Lorenzen,28,CIN,NL,0.0,6,1,0,2,0,0,0,0,0,0,0,0,0,,1.000,,,,0.734,383,0,0,1,0,0,0,1/H8,,lorenmi01
578,Yermín Mercedes,27,CHW,AL,0.0,1,1,1,0,0,0,0,0,0,0,0,0,0,0.000,0.000,0.000,0.000,-100,0.000,-125,0,0,0,0,0,0,/DH,,merceye01
579,Alec Mills,28,CHC,NL,0.0,1,1,1,0,0,0,0,0,0,0,0,0,1,0.000,0.000,0.000,0.000,-100,0.000,-133,0,0,0,0,0,0,1/H,,millsal02
580,Scott Schebler*,29,ATL,NL,0.0,1,1,1,0,0,0,0,0,0,0,0,0,0,0.000,0.000,0.000,0.000,-100,0.000,-142,0,0,0,0,0,0,/9H,,schebsc01
581,Aaron Whitefield,23,MIN,AL,0.1,3,1,1,1,0,0,0,0,0,0,0,0,0,0.000,0.000,0.000,0.000,-100,0.000,-125,0,0,0,0,0,0,/8H,,whiteaa01
582,Dan Altavilla,27,SEA,AL,0.0,1,0,0,0,0,0,0,0,0,0,0,0,0,,,,,,,,0,0,0,0,0,0,1,,altavda01
583,Cam Bedrosian,28,LAA,AL,0.0,1,0,0,0,0,0,0,0,0,0,0,0,0,,,,,,,,0,0,0,0,0,0,1,,bedroca01
584,Ryan Brasier,32,BOS,AL,0.0,1,0,0,0,0,0,0,0,0,0,0,0,0,,,,,,,,0,0,0,0,0,0,1,,brasiry01
585,Austin Davis*,27,PHI,NL,0.0,1,0,0,0,0,0,0,0,0,0,0,0,0,,,,,,,,0,0,0,0,0,0,/1,,davisau01
586,Seth Elledge,24,STL,NL,0.0,1,0,0,0,0,0,0,0,0,0,0,0,0,,,,,,,,0,0,0,0,0,0,1,,elledse01
587,Matt Foster,25,CHW,AL,0.0,1,0,0,0,0,0,0,0,0,0,0,0,0,,,,,,,,0,0,0,0,0,0,1,,fostema01
588,Tony Gonsolin,26,LAD,NL,0.0,1,0,0,0,0,0,0,0,0,0,0,0,0,,,,,,,,0,0,0,0,0,0,/1,ROY-4,gonsoto01
589,Terrance Gore,29,LAD,NL,0.0,2,0,0,0,0,0,0,0,0,0,0,0,0,,,,,,,,0,0,0,0,0,0,/8DH,,gorete01
590,Chad Green*,29,NYY,AL,0.0,1,0,0,0,0,0,0,0,0,0,0,0,0,,,,,,,,0,0,0,0,0,0,1,,greench03
591,Josh Hader*,26,MIL,NL,0.0,1,0,0,0,0,0,0,0,0,0,0,0,0,,,,,,,,0,0,0,0,0,0,1,,haderjo01
592,Kyle Hendricks,30,CHC,NL,0.0,1,0,0,0,0,0,0,0,0,0,0,0,0,,,,,,,,0,0,0,0,0,0,1,CYA-9,hendrky01
593,Jonathan Holder,27,NYY,AL,0.0,1,0,0,1,0,0,0,0,0,0,0,0,0,,,,,,,,0,0,0,0,0,0,1,,holdejo02
594,Raisel Iglesias,30,CIN,NL,0.0,1,0,0,0,0,0,0,0,0,0,0,0,0,,,,,,,,0,0,0,0,0,0,1,,iglesra01
595,Jeremy Jeffress,32,CHC,NL,0.0,2,0,0,0,0,0,0,0,0,0,0,0,0,,,,,,,,0,0,0,0,0,0,1,,jeffrje01
596,Trevor Kelley,27,PHI,NL,0.0,1,0,0,0,0,0,0,0,0,0,0,0,0,,,,,,,,0,0,0,0,0,0,/1,,kelletr01
597,Craig Kimbrel,32,CHC,NL,0.0,3,0,0,0,0,0,0,0,0,0,0,0,0,,,,,,,,0,0,0,0,0,0,1,,kimbrcr01
598,Adam Kolarek*,31,LAD,NL,0.0,1,0,0,0,0,0,0,0,0,0,0,0,0,,,,,,,,0,0,0,0,0,0,1/9,,kolarad01
599,Juan Lagares,31,NYM,NL,0.1,2,0,0,0,0,0,0,0,0,0,0,0,0,,,,,,,,0,0,0,0,0,0,/8H,,lagarju01
600,Travis Lakins Sr.,26,BAL,AL,0.0,1,0,0,1,0,0,0,0,0,0,0,0,0,,,,,,,,0,0,0,0,0,0,1,,lakintr01
601,Jonathan Lucroy,34,BOS,AL,0.0,1,0,0,0,0,0,0,0,0,0,0,0,0,,,,,,,,0,0,0,0,0,0,/2,,lucrojo01
602,Mark Melancon,35,ATL,NL,0.0,1,0,0,0,0,0,0,0,0,0,0,0,0,,,,,,,,0,0,0,0,0,0,1,,melanma01
603,Ian Miller*,28,CHC,NL,0.0,1,0,0,0,0,0,0,0,0,0,0,0,0,,,,,,,,0,0,0,0,0,0,/H,,milleia01
604,Héctor Neris,31,PHI,NL,0.0,1,0,0,0,0,0,0,0,0,0,0,0,0,,,,,,,,0,0,0,0,0,0,1,,nerishe01
605,Aaron Nola,27,PHI,NL,0.0,1,0,0,0,0,0,0,0,0,0,0,0,0,,,,,,,,0,0,0,0,0,0,1,CYA-7,nolaaa01
606,Emilio Pagán*,29,SDP,NL,0.0,1,0,0,0,0,0,0,0,0,0,0,0,0,,,,,,,,0,0,0,0,0,0,1,,paganem01
607,Blake Parker,35,PHI,NL,0.0,1,0,0,0,0,0,0,0,0,0,0,0,0,,,,,,,,0,0,0,0,0,0,1,,parkebl01
608,David Phelps,33,MIL,NL,0.0,1,0,0,0,0,0,0,0,0,0,0,0,0,,,,,,,,0,0,0,0,0,0,1,,phelpda01
609,Adam Plutko,28,CLE,AL,0.0,1,0,0,0,0,0,0,0,0,0,0,0,0,,,,,,,,0,0,0,0,0,0,1,,plutkad01
610,Trevor Rosenthal,30,2TM,2LG,0.0,2,0,0,0,0,0,0,0,0,0,0,0,0,,,,,,,,0,0,0,0,0,0,1,,rosentr01
610,Trevor Rosenthal,30,KCR,AL,0.0,1,0,0,0,0,0,0,0,0,0,0,0,0,,,,,,,,0,0,0,0,0,0,1,,rosentr01
610,Trevor Rosenthal,30,SDP,NL,0.0,1,0,0,0,0,0,0,0,0,0,0,0,0,,,,,,,,0,0,0,0,0,0,/1,,rosentr01
611,José Ruiz,25,CHW,AL,0.0,1,0,0,0,0,0,0,0,0,0,0,0,0,,,,,,,,0,0,0,0,0,0,/1,,ruizjo01
612,Matt Strahm,28,SDP,NL,0.0,1,0,0,0,0,0,0,0,0,0,0,0,0,,,,,,,,0,0,0,0,0,0,1,,strahma01
613,César Valdez,35,BAL,AL,0.0,1,0,0,0,0,0,0,0,0,0,0,0,0,,,,,,,,0,0,0,0,0,0,/1,,valdece01
614,Marcus Walden,31,BOS,AL,0.0,1,0,0,0,0,0,0,0,0,0,0,0,0,,,,,,,,0,0,0,0,0,0,1,,waldema01
615,Rowan Wick*,27,CHC,NL,0.0,1,0,0,0,0,0,0,0,0,0,0,0,0,,,,,,,,0,0,0,0,0,0,1,,wickro01
616,Taylor Williams#,28,SEA,AL,0.0,1,0,0,0,0,0,0,0,0,0,0,0,0,,,,,,,,0,0,0,0,0,0,1,,willita01
617,Dan Winkler,30,CHC,NL,0.0,3,0,0,0,0,0,0,0,0,0,0,0,0,,,,,,,,0,0,0,0,0,0,1,,winklda01
618,Jake Woodford,23,STL,NL,0.0,1,0,0,0,0,0,0,0,0,0,0,0,0,,,,,,,,0,0,0,0,0,0,1,,woodfja01
,MLB Average,,,,,,,,,,,,,,,,,,0.245,0.322,0.418,0.740,100,0.327,100,,,,,,,,,-9999